app_id;status_3;status_20;status_30;status_60
000000020;0.0;0.0;0.0;0.0
000000024;1.0;1.0;1.0;1.0
000000025;1.0;1.0;1.0;1.0
000000026;0.0;0.0;0.0;0.0
000000034;0.0;0.0;0.0;0.0
000000044;1.0;1.0;1.0;1.0
000000053;0.0;0.0;0.0;0.0
000000051;1.0;1.0;1.0;1.0
000000059;1.0;1.0;1.0;1.0
000000072;1.0;1.0;1.0;1.0
000000093;1.0;1.0;1.0;1.0
000000096;0.0;0.0;0.0;0.0
000000098;1.0;1.0;1.0;1.0
000000100;1.0;1.0;1.0;1.0
000000102;1.0;1.0;1.0;1.0
000000106;0.0;0.0;0.0;0.0
000000104;0.0;0.0;0.0;0.0
000000134;0.0;0.0;0.0;0.0
000000144;0.0;0.0;0.0;0.0
000000153;1.0;1.0;1.0;1.0
000000152;1.0;1.0;1.0;1.0
000000138;1.0;0.0;0.0;0.0
000000148;0.0;0.0;0.0;0.0
000000159;0.0;0.0;0.0;0.0
000000169;1.0;1.0;1.0;1.0
000000175;1.0;1.0;1.0;1.0
000000195;0.0;0.0;0.0;0.0
000000198;0.0;0.0;0.0;0.0
000000197;1.0;1.0;1.0;1.0
000000217;1.0;1.0;1.0;1.0
000000225;1.0;1.0;1.0;1.0
000000244;1.0;1.0;1.0;1.0
000000229;1.0;1.0;1.0;1.0
000000239;1.0;1.0;1.0;1.0
000000254;1.0;1.0;1.0;1.0
000000285;0.0;0.0;0.0;0.0
000000252;1.0;1.0;1.0;1.0
000000322;1.0;1.0;1.0;1.0
000000354;0.0;0.0;0.0;0.0
000000360;1.0;1.0;1.0;1.0
000000366;1.0;1.0;1.0;1.0
000000351;0.0;0.0;0.0;0.0
000000306;0.0;0.0;0.0;0.0
000000341;1.0;1.0;1.0;1.0
000000375;1.0;0.0;0.0;0.0
000000410;1.0;1.0;1.0;1.0
000000433;1.0;1.0;1.0;1.0
000000406;1.0;1.0;1.0;1.0
000000423;1.0;0.0;0.0;0.0
000000377;0.0;0.0;0.0;0.0
000000443;0.0;0.0;0.0;0.0
000000378;1.0;1.0;1.0;1.0
000000459;1.0;1.0;1.0;1.0
000000437;1.0;1.0;1.0;1.0
000000389;0.0;0.0;0.0;0.0
000000472;1.0;1.0;1.0;1.0
000000496;1.0;1.0;1.0;1.0
000000518;1.0;1.0;1.0;1.0
000000504;0.0;0.0;0.0;0.0
000000528;0.0;0.0;0.0;0.0
000000538;0.0;0.0;0.0;0.0
000000541;1.0;1.0;1.0;1.0
000000560;1.0;1.0;1.0;1.0
000000540;0.0;0.0;0.0;0.0
000000598;1.0;1.0;1.0;1.0
000000606;1.0;1.0;1.0;1.0
000000628;0.0;0.0;0.0;0.0
000000631;1.0;0.0;0.0;0.0
000000663;1.0;1.0;1.0;1.0
000000665;0.0;0.0;0.0;0.0
000000681;0.0;0.0;0.0;0.0
000000680;1.0;1.0;1.0;1.0
000000682;1.0;1.0;1.0;1.0
000000683;1.0;0.0;0.0;0.0
000000688;1.0;1.0;1.0;1.0
000000694;0.0;0.0;0.0;0.0
000000641;1.0;1.0;1.0;1.0
000000702;1.0;1.0;1.0;1.0
000000708;0.0;0.0;0.0;0.0
000000713;1.0;1.0;1.0;1.0
000000715;0.0;0.0;0.0;0.0
000000716;1.0;1.0;1.0;1.0
000000653;1.0;0.0;0.0;0.0
000000717;1.0;1.0;1.0;1.0
000000721;1.0;1.0;1.0;1.0
000000727;1.0;1.0;1.0;1.0
000000739;1.0;1.0;1.0;1.0
000000751;1.0;1.0;1.0;1.0
000000759;0.0;0.0;0.0;0.0
000000737;1.0;1.0;1.0;1.0
000000744;0.0;0.0;0.0;0.0
000000636;0.0;0.0;0.0;0.0
000000780;1.0;0.0;0.0;0.0
000000797;0.0;0.0;0.0;0.0
000000798;1.0;1.0;0.0;0.0
000000820;1.0;1.0;1.0;1.0
000000805;1.0;1.0;1.0;1.0
000000840;0.0;0.0;0.0;0.0
000000843;0.0;0.0;0.0;0.0
000000844;1.0;0.0;0.0;0.0
000000855;0.0;0.0;0.0;0.0
000000869;0.0;0.0;0.0;0.0
000000873;1.0;1.0;1.0;1.0
000000863;0.0;0.0;0.0;0.0
000000874;1.0;1.0;1.0;1.0
000000875;0.0;0.0;0.0;0.0
000000872;1.0;1.0;1.0;1.0
000000881;0.0;0.0;0.0;0.0
000000906;0.0;0.0;0.0;0.0
000000907;1.0;1.0;1.0;1.0
000000900;0.0;0.0;0.0;0.0
000000911;1.0;1.0;1.0;1.0
000000901;1.0;1.0;1.0;1.0
000000920;1.0;1.0;1.0;1.0
000000930;1.0;1.0;1.0;1.0
000000935;1.0;0.0;0.0;0.0
000000938;1.0;1.0;1.0;1.0
000000962;0.0;0.0;0.0;0.0
000000980;1.0;1.0;1.0;1.0
000000983;1.0;1.0;0.0;0.0
000000975;1.0;1.0;1.0;1.0
000000999;1.0;0.0;0.0;0.0
000000978;0.0;0.0;0.0;0.0
000001012;0.0;0.0;0.0;0.0
000001013;0.0;0.0;0.0;0.0
000000964;1.0;1.0;1.0;1.0
000001033;1.0;1.0;1.0;1.0
000001036;1.0;1.0;1.0;1.0
000001024;1.0;1.0;1.0;0.0
000001059;0.0;0.0;0.0;0.0
000001020;1.0;1.0;0.0;0.0
000001061;1.0;1.0;1.0;1.0
000001067;0.0;0.0;0.0;0.0
000001070;0.0;0.0;0.0;0.0
000001098;0.0;0.0;0.0;0.0
000001102;0.0;0.0;0.0;0.0
000001106;0.0;0.0;0.0;0.0
000001116;0.0;0.0;0.0;0.0
000001120;1.0;1.0;0.0;0.0
000001137;1.0;1.0;1.0;1.0
000001129;1.0;1.0;1.0;1.0
000001095;0.0;0.0;0.0;0.0
000001145;1.0;1.0;1.0;1.0
000001149;0.0;0.0;0.0;0.0
000001088;1.0;0.0;0.0;0.0
000001151;1.0;1.0;1.0;1.0
000001153;1.0;1.0;1.0;1.0
000001159;1.0;1.0;1.0;1.0
000001179;0.0;0.0;0.0;0.0
000001180;1.0;1.0;1.0;1.0
000001186;1.0;0.0;0.0;0.0
000001187;1.0;1.0;1.0;1.0
000001204;1.0;1.0;1.0;1.0
000001219;1.0;1.0;1.0;1.0
000001208;1.0;1.0;1.0;1.0
000001232;1.0;1.0;1.0;1.0
000001230;0.0;0.0;0.0;0.0
000001258;0.0;0.0;0.0;0.0
000001244;1.0;0.0;0.0;0.0
000001271;0.0;0.0;0.0;0.0
000001268;1.0;1.0;1.0;1.0
000001272;0.0;0.0;0.0;0.0
000001274;1.0;1.0;1.0;1.0
000001143;1.0;1.0;1.0;1.0
000001292;1.0;1.0;1.0;1.0
000001314;0.0;0.0;0.0;0.0
000001209;0.0;0.0;0.0;0.0
000001310;1.0;1.0;1.0;1.0
000001316;1.0;1.0;1.0;1.0
000001325;0.0;0.0;0.0;0.0
000001205;1.0;1.0;1.0;1.0
000001309;1.0;1.0;1.0;1.0
000001388;1.0;0.0;0.0;0.0
000001391;0.0;0.0;0.0;0.0
000001392;1.0;1.0;1.0;1.0
000001357;1.0;1.0;1.0;1.0
000001395;0.0;0.0;0.0;0.0
000001387;1.0;1.0;1.0;1.0
000001340;1.0;1.0;1.0;1.0
000001399;1.0;1.0;1.0;1.0
000001361;1.0;0.0;0.0;0.0
000001464;0.0;0.0;0.0;0.0
000001505;1.0;1.0;1.0;1.0
000001494;0.0;0.0;0.0;0.0
000001515;0.0;0.0;0.0;0.0
000001477;1.0;1.0;1.0;1.0
000001522;0.0;0.0;0.0;0.0
000001485;1.0;1.0;1.0;1.0
000001523;1.0;1.0;1.0;1.0
000001558;0.0;0.0;0.0;0.0
000001545;1.0;0.0;0.0;0.0
000001550;0.0;0.0;0.0;0.0
000001564;1.0;0.0;0.0;0.0
000001555;1.0;1.0;1.0;1.0
000001565;1.0;1.0;1.0;1.0
000001579;0.0;0.0;0.0;0.0
000001588;1.0;0.0;0.0;0.0
000001594;0.0;0.0;0.0;0.0
000001602;0.0;0.0;0.0;0.0
000001627;0.0;0.0;0.0;0.0
000001624;0.0;0.0;0.0;0.0
000001651;0.0;0.0;0.0;0.0
000001653;1.0;1.0;1.0;1.0
000001652;1.0;1.0;1.0;0.0
000001666;1.0;1.0;1.0;1.0
000001668;1.0;1.0;0.0;0.0
000001655;1.0;1.0;1.0;1.0
000001667;1.0;1.0;1.0;1.0
000001675;0.0;0.0;0.0;0.0
000001679;1.0;1.0;1.0;1.0
000001682;0.0;0.0;0.0;0.0
000001630;0.0;0.0;0.0;0.0
000001676;1.0;1.0;1.0;1.0
000001702;1.0;1.0;1.0;1.0
000001696;1.0;1.0;1.0;1.0
000001712;1.0;1.0;1.0;1.0
000001705;0.0;0.0;0.0;0.0
000001726;1.0;1.0;1.0;1.0
000001725;1.0;1.0;1.0;1.0
000001738;1.0;0.0;0.0;0.0
000001724;1.0;1.0;1.0;1.0
000001732;1.0;1.0;1.0;1.0
000001730;0.0;0.0;0.0;0.0
000001719;1.0;1.0;1.0;1.0
000001750;0.0;0.0;0.0;0.0
000001754;0.0;0.0;0.0;0.0
000001756;0.0;0.0;0.0;0.0
000001749;0.0;0.0;0.0;0.0
000001766;0.0;0.0;0.0;0.0
000001782;1.0;1.0;1.0;1.0
000001824;1.0;0.0;0.0;0.0
000001775;1.0;1.0;1.0;1.0
000001787;1.0;1.0;1.0;1.0
000001825;1.0;1.0;1.0;0.0
000001826;0.0;0.0;0.0;0.0
000001812;1.0;1.0;1.0;1.0
000001837;0.0;0.0;0.0;0.0
000001809;0.0;0.0;0.0;0.0
000001839;1.0;1.0;1.0;1.0
000001841;0.0;0.0;0.0;0.0
000001843;0.0;0.0;0.0;0.0
000001847;0.0;0.0;0.0;0.0
000001852;1.0;1.0;1.0;1.0
000001884;1.0;0.0;0.0;0.0
000001887;0.0;0.0;0.0;0.0
000001871;1.0;1.0;1.0;0.0
000001895;1.0;1.0;1.0;1.0
000001898;0.0;0.0;0.0;0.0
000001903;1.0;0.0;0.0;0.0
000001867;0.0;0.0;0.0;0.0
000001939;0.0;0.0;0.0;0.0
000001945;1.0;1.0;1.0;1.0
000001955;1.0;1.0;0.0;0.0
000001948;1.0;1.0;1.0;1.0
000001966;1.0;1.0;0.0;0.0
000001911;1.0;1.0;1.0;1.0
000001965;1.0;1.0;1.0;1.0
000001970;0.0;0.0;0.0;0.0
000001975;1.0;1.0;1.0;1.0
000001930;1.0;1.0;1.0;1.0
000001993;0.0;0.0;0.0;0.0
000001996;1.0;1.0;1.0;1.0
000001995;1.0;1.0;1.0;1.0
000002014;1.0;0.0;0.0;0.0
000002016;1.0;1.0;1.0;1.0
000002022;1.0;0.0;0.0;0.0
000002002;1.0;1.0;1.0;1.0
000002026;0.0;0.0;0.0;0.0
000002031;0.0;0.0;0.0;0.0
000002037;1.0;1.0;1.0;1.0
000002049;1.0;0.0;0.0;0.0
000002054;1.0;1.0;1.0;1.0
000002080;0.0;0.0;0.0;0.0
000002071;0.0;0.0;0.0;0.0
000002086;0.0;0.0;0.0;0.0
000002090;1.0;1.0;1.0;1.0
000002092;1.0;1.0;1.0;1.0
000002091;0.0;0.0;0.0;0.0
000002077;1.0;1.0;1.0;1.0
000002098;1.0;1.0;1.0;1.0
000002096;0.0;0.0;0.0;0.0
000002106;0.0;0.0;0.0;0.0
000002112;0.0;0.0;0.0;0.0
000002117;1.0;1.0;1.0;1.0
000001829;0.0;0.0;0.0;0.0
000002121;1.0;1.0;1.0;1.0
000002130;0.0;0.0;0.0;0.0
000002161;1.0;0.0;0.0;0.0
000002162;0.0;0.0;0.0;0.0
000002166;1.0;1.0;1.0;1.0
000002172;1.0;1.0;1.0;0.0
000002191;1.0;1.0;1.0;1.0
000002193;1.0;1.0;1.0;1.0
000002248;1.0;1.0;1.0;1.0
000002246;0.0;0.0;0.0;0.0
000002251;1.0;1.0;1.0;0.0
000002250;1.0;1.0;1.0;1.0
000002286;1.0;1.0;1.0;1.0
000002290;0.0;0.0;0.0;0.0
000002296;0.0;0.0;0.0;0.0
000002315;0.0;0.0;0.0;0.0
000002322;0.0;0.0;0.0;0.0
000002328;1.0;1.0;1.0;1.0
000002330;0.0;0.0;0.0;0.0
000002323;0.0;0.0;0.0;0.0
000002332;1.0;1.0;1.0;1.0
000002338;0.0;0.0;0.0;0.0
000002340;0.0;0.0;0.0;0.0
000002357;0.0;0.0;0.0;0.0
000002360;1.0;1.0;1.0;1.0
000002362;1.0;1.0;1.0;1.0
000002377;1.0;1.0;1.0;0.0
000002378;0.0;0.0;0.0;0.0
000002385;1.0;0.0;0.0;0.0
000002392;1.0;1.0;1.0;1.0
000002376;1.0;1.0;1.0;0.0
000002406;1.0;1.0;1.0;1.0
000002369;0.0;0.0;0.0;0.0
000002413;1.0;1.0;1.0;1.0
000002472;1.0;0.0;0.0;0.0
000002440;1.0;1.0;1.0;1.0
000002447;1.0;1.0;1.0;1.0
000002479;0.0;0.0;0.0;0.0
000002471;1.0;1.0;1.0;1.0
000002481;1.0;1.0;1.0;1.0
000002490;1.0;1.0;1.0;1.0
000002495;1.0;1.0;1.0;1.0
000002497;1.0;0.0;0.0;0.0
000002499;1.0;1.0;1.0;1.0
000002500;0.0;0.0;0.0;0.0
000002503;0.0;0.0;0.0;0.0
000002431;1.0;1.0;1.0;1.0
000002515;1.0;1.0;1.0;1.0
000002520;1.0;1.0;1.0;1.0
000002521;0.0;0.0;0.0;0.0
000002533;1.0;1.0;1.0;1.0
000002554;1.0;0.0;0.0;0.0
000002568;0.0;0.0;0.0;0.0
000002571;1.0;1.0;1.0;1.0
000002558;1.0;1.0;1.0;0.0
000002561;0.0;0.0;0.0;0.0
000002590;0.0;0.0;0.0;0.0
000002586;0.0;0.0;0.0;0.0
000002611;1.0;0.0;0.0;0.0
000002617;1.0;1.0;1.0;1.0
000002633;1.0;1.0;1.0;1.0
000002654;1.0;1.0;1.0;1.0
000002657;0.0;0.0;0.0;0.0
000002671;1.0;1.0;1.0;1.0
000002678;1.0;0.0;0.0;0.0
000002715;1.0;1.0;1.0;1.0
000002716;0.0;0.0;0.0;0.0
000002719;0.0;0.0;0.0;0.0
000002723;1.0;1.0;1.0;1.0
000002737;1.0;1.0;1.0;0.0
000002736;1.0;1.0;1.0;1.0
000002739;0.0;0.0;0.0;0.0
000002742;1.0;1.0;1.0;1.0
000002767;1.0;1.0;1.0;1.0
000002769;0.0;0.0;0.0;0.0
000002778;1.0;1.0;1.0;1.0
000002785;0.0;0.0;0.0;0.0
000002795;1.0;1.0;1.0;1.0
000002808;1.0;1.0;1.0;1.0
000002816;0.0;0.0;0.0;0.0
000002820;0.0;0.0;0.0;0.0
000002837;0.0;0.0;0.0;0.0
000002836;1.0;1.0;1.0;0.0
000002841;1.0;1.0;1.0;1.0
000002850;1.0;1.0;1.0;1.0
000002879;0.0;0.0;0.0;0.0
000002903;1.0;1.0;1.0;1.0
000002901;1.0;1.0;1.0;1.0
000002917;1.0;1.0;1.0;1.0
000002918;0.0;0.0;0.0;0.0
000002920;0.0;0.0;0.0;0.0
000002922;0.0;0.0;0.0;0.0
000002937;0.0;0.0;0.0;0.0
000002962;1.0;1.0;1.0;1.0
000002980;1.0;1.0;1.0;1.0
000003000;1.0;1.0;1.0;1.0
000002983;0.0;0.0;0.0;0.0
000002748;0.0;0.0;0.0;0.0
000003008;0.0;0.0;0.0;0.0
000003019;1.0;1.0;1.0;1.0
000003004;1.0;1.0;1.0;1.0
000003002;0.0;0.0;0.0;0.0
000003006;1.0;1.0;1.0;1.0
000003057;1.0;1.0;1.0;1.0
000003058;1.0;0.0;0.0;0.0
000003082;1.0;0.0;0.0;0.0
000003089;1.0;1.0;1.0;1.0
000003147;0.0;0.0;0.0;0.0
000002897;1.0;1.0;1.0;1.0
000003106;1.0;1.0;1.0;1.0
000003175;0.0;0.0;0.0;0.0
000003189;1.0;0.0;0.0;0.0
000003191;0.0;0.0;0.0;0.0
000003195;1.0;1.0;1.0;1.0
000003178;0.0;0.0;0.0;0.0
000003207;1.0;1.0;1.0;1.0
000003215;0.0;0.0;0.0;0.0
000003227;1.0;1.0;1.0;1.0
000003218;0.0;0.0;0.0;0.0
000003101;1.0;1.0;1.0;1.0
000003233;1.0;1.0;1.0;1.0
000003306;1.0;1.0;1.0;1.0
000003307;0.0;0.0;0.0;0.0
000003111;0.0;0.0;0.0;0.0
000003334;0.0;0.0;0.0;0.0
000003252;1.0;1.0;1.0;1.0
000003264;0.0;0.0;0.0;0.0
000003269;1.0;1.0;1.0;1.0
000003293;0.0;0.0;0.0;0.0
000003308;0.0;0.0;0.0;0.0
000003379;0.0;0.0;0.0;0.0
000003376;1.0;1.0;1.0;1.0
000003347;0.0;0.0;0.0;0.0
000003365;0.0;0.0;0.0;0.0
000003216;1.0;0.0;0.0;0.0
000003158;0.0;0.0;0.0;0.0
000003399;0.0;0.0;0.0;0.0
000003084;1.0;0.0;0.0;0.0
000003405;0.0;0.0;0.0;0.0
000003225;1.0;1.0;1.0;1.0
000003142;1.0;1.0;1.0;1.0
000003420;1.0;0.0;0.0;0.0
000003424;0.0;0.0;0.0;0.0
000003428;1.0;1.0;1.0;1.0
000003426;0.0;0.0;0.0;0.0
000003430;0.0;0.0;0.0;0.0
000003437;0.0;0.0;0.0;0.0
000003436;1.0;1.0;1.0;1.0
000003461;1.0;1.0;1.0;1.0
000003462;1.0;1.0;1.0;1.0
000003457;0.0;0.0;0.0;0.0
000003451;0.0;0.0;0.0;0.0
000003482;1.0;1.0;1.0;1.0
000003490;1.0;0.0;0.0;0.0
000003504;0.0;0.0;0.0;0.0
000003259;1.0;1.0;1.0;1.0
000002941;0.0;0.0;0.0;0.0
000003541;1.0;1.0;1.0;1.0
000003540;1.0;1.0;1.0;1.0
000003587;1.0;1.0;1.0;1.0
000003592;1.0;1.0;1.0;1.0
000003609;1.0;0.0;0.0;0.0
000003629;0.0;0.0;0.0;0.0
000003658;0.0;0.0;0.0;0.0
000003630;1.0;1.0;1.0;1.0
000003641;1.0;0.0;0.0;0.0
000003665;1.0;1.0;1.0;1.0
000003675;0.0;0.0;0.0;0.0
000003676;1.0;1.0;1.0;1.0
000003679;0.0;0.0;0.0;0.0
000003684;1.0;1.0;1.0;1.0
000003699;1.0;1.0;1.0;1.0
000003703;1.0;1.0;1.0;1.0
000003741;0.0;0.0;0.0;0.0
000003768;1.0;1.0;1.0;1.0
000003767;0.0;0.0;0.0;0.0
000003748;0.0;0.0;0.0;0.0
000003772;1.0;1.0;1.0;1.0
000003784;0.0;0.0;0.0;0.0
000003793;1.0;1.0;1.0;1.0
000003813;0.0;0.0;0.0;0.0
000003844;0.0;0.0;0.0;0.0
000003845;0.0;0.0;0.0;0.0
000003850;0.0;0.0;0.0;0.0
000003852;1.0;1.0;1.0;1.0
000003856;1.0;1.0;1.0;1.0
000003869;1.0;1.0;1.0;1.0
000003877;1.0;1.0;1.0;1.0
000003880;0.0;0.0;0.0;0.0
000003883;1.0;1.0;1.0;1.0
000003898;1.0;1.0;1.0;1.0
000003905;1.0;0.0;0.0;0.0
000003916;1.0;1.0;1.0;1.0
000003919;1.0;1.0;1.0;1.0
000003789;0.0;0.0;0.0;0.0
000003973;1.0;1.0;1.0;1.0
000003978;1.0;1.0;1.0;1.0
000003979;1.0;1.0;1.0;1.0
000003980;1.0;1.0;1.0;1.0
000003993;0.0;0.0;0.0;0.0
000003997;1.0;1.0;1.0;1.0
000003996;0.0;0.0;0.0;0.0
000003999;1.0;1.0;1.0;0.0
000004003;0.0;0.0;0.0;0.0
000003948;0.0;0.0;0.0;0.0
000004039;1.0;1.0;1.0;1.0
000004044;1.0;1.0;1.0;1.0
000004047;1.0;0.0;0.0;0.0
000004052;0.0;0.0;0.0;0.0
000004055;1.0;1.0;0.0;0.0
000004060;0.0;0.0;0.0;0.0
000004077;1.0;1.0;1.0;1.0
000004085;0.0;0.0;0.0;0.0
000004066;0.0;0.0;0.0;0.0
000004088;1.0;1.0;1.0;1.0
000004090;1.0;1.0;1.0;1.0
000004091;1.0;1.0;1.0;1.0
000004081;0.0;0.0;0.0;0.0
000004102;1.0;1.0;1.0;1.0
000004103;1.0;1.0;1.0;1.0
000004101;1.0;1.0;1.0;1.0
000004110;1.0;0.0;0.0;0.0
000004132;0.0;0.0;0.0;0.0
000004138;1.0;1.0;1.0;1.0
000004135;1.0;1.0;1.0;1.0
000004148;0.0;0.0;0.0;0.0
000004162;0.0;0.0;0.0;0.0
000004182;1.0;1.0;1.0;1.0
000004201;1.0;1.0;1.0;1.0
000004209;0.0;0.0;0.0;0.0
000004205;1.0;1.0;1.0;1.0
000004214;0.0;0.0;0.0;0.0
000004218;1.0;1.0;1.0;1.0
000004253;0.0;0.0;0.0;0.0
000004287;0.0;0.0;0.0;0.0
000004323;0.0;0.0;0.0;0.0
000004330;1.0;1.0;1.0;1.0
000004368;0.0;0.0;0.0;0.0
000004372;1.0;1.0;1.0;1.0
000004376;0.0;0.0;0.0;0.0
000004389;0.0;0.0;0.0;0.0
000004402;1.0;1.0;1.0;1.0
000004404;0.0;0.0;0.0;0.0
000004406;1.0;1.0;1.0;1.0
000004426;1.0;0.0;0.0;0.0
000004454;0.0;0.0;0.0;0.0
000004430;1.0;1.0;1.0;1.0
000004429;1.0;0.0;0.0;0.0
000004421;0.0;0.0;0.0;0.0
000004470;1.0;1.0;0.0;0.0
000004472;1.0;1.0;1.0;1.0
000004476;1.0;1.0;1.0;1.0
000004482;0.0;0.0;0.0;0.0
000004497;0.0;0.0;0.0;0.0
000004509;0.0;0.0;0.0;0.0
000004526;1.0;1.0;1.0;1.0
000004531;1.0;1.0;1.0;1.0
000004542;1.0;1.0;1.0;1.0
000004557;1.0;0.0;0.0;0.0
000004576;1.0;1.0;1.0;1.0
000004591;1.0;1.0;1.0;1.0
000004598;1.0;0.0;0.0;0.0
000004458;0.0;0.0;0.0;0.0
000004628;1.0;0.0;0.0;0.0
000004603;0.0;0.0;0.0;0.0
000004634;1.0;1.0;0.0;0.0
000004615;1.0;1.0;1.0;1.0
000004647;0.0;0.0;0.0;0.0
000004657;1.0;1.0;1.0;0.0
000004671;0.0;0.0;0.0;0.0
000004680;1.0;1.0;1.0;1.0
000004695;1.0;1.0;1.0;1.0
000004710;1.0;0.0;0.0;0.0
000004714;1.0;1.0;1.0;1.0
000004711;1.0;0.0;0.0;0.0
000004712;1.0;1.0;1.0;1.0
000004745;0.0;0.0;0.0;0.0
000004803;0.0;0.0;0.0;0.0
000004821;1.0;0.0;0.0;0.0
000004808;1.0;1.0;1.0;1.0
000004828;1.0;1.0;1.0;1.0
000004830;1.0;1.0;1.0;1.0
000004842;0.0;0.0;0.0;0.0
000004860;1.0;1.0;1.0;1.0
000004875;1.0;0.0;0.0;0.0
000004877;1.0;0.0;0.0;0.0
000004870;1.0;1.0;1.0;1.0
000004892;1.0;1.0;1.0;1.0
000004882;1.0;1.0;1.0;1.0
000004900;0.0;0.0;0.0;0.0
000004916;0.0;0.0;0.0;0.0
000004897;0.0;0.0;0.0;0.0
000004955;0.0;0.0;0.0;0.0
000004943;1.0;1.0;1.0;1.0
000004985;1.0;1.0;1.0;1.0
000004998;0.0;0.0;0.0;0.0
000005015;0.0;0.0;0.0;0.0
000005021;0.0;0.0;0.0;0.0
000005035;0.0;0.0;0.0;0.0
000005039;1.0;0.0;0.0;0.0
000005046;1.0;1.0;1.0;1.0
000005048;1.0;1.0;1.0;1.0
000005043;0.0;0.0;0.0;0.0
000005049;0.0;0.0;0.0;0.0
000005056;0.0;0.0;0.0;0.0
000005059;0.0;0.0;0.0;0.0
000005071;1.0;1.0;1.0;1.0
000005074;1.0;1.0;1.0;1.0
000005087;0.0;0.0;0.0;0.0
000005083;0.0;0.0;0.0;0.0
000005093;0.0;0.0;0.0;0.0
000005095;0.0;0.0;0.0;0.0
000005123;1.0;1.0;1.0;1.0
000005129;1.0;1.0;0.0;0.0
000005113;0.0;0.0;0.0;0.0
000005118;0.0;0.0;0.0;0.0
000005171;1.0;1.0;1.0;1.0
000005179;1.0;1.0;1.0;1.0
000005177;1.0;1.0;1.0;1.0
000005157;0.0;0.0;0.0;0.0
000005190;0.0;0.0;0.0;0.0
000005214;0.0;0.0;0.0;0.0
000005212;1.0;1.0;1.0;1.0
000005233;1.0;1.0;1.0;1.0
000005231;1.0;1.0;1.0;1.0
000005241;1.0;1.0;1.0;1.0
000005234;1.0;1.0;1.0;1.0
000005267;0.0;0.0;0.0;0.0
000005265;0.0;0.0;0.0;0.0
000005271;0.0;0.0;0.0;0.0
000005279;1.0;1.0;1.0;1.0
000005284;1.0;1.0;1.0;1.0
000005172;0.0;0.0;0.0;0.0
000005287;1.0;1.0;1.0;1.0
000005308;1.0;1.0;1.0;1.0
000005310;1.0;1.0;1.0;1.0
000005341;0.0;0.0;0.0;0.0
000005242;1.0;1.0;0.0;0.0
000005346;1.0;1.0;1.0;1.0
000005372;1.0;1.0;0.0;0.0
000005373;1.0;1.0;1.0;1.0
000005374;1.0;1.0;1.0;1.0
000005392;1.0;1.0;1.0;1.0
000005407;0.0;0.0;0.0;0.0
000005424;1.0;1.0;1.0;1.0
000005440;1.0;1.0;1.0;1.0
000005442;1.0;1.0;1.0;1.0
000005447;1.0;0.0;0.0;0.0
000005454;0.0;0.0;0.0;0.0
000005461;0.0;0.0;0.0;0.0
000005465;1.0;0.0;0.0;0.0
000005415;0.0;0.0;0.0;0.0
000005469;0.0;0.0;0.0;0.0
000005471;1.0;0.0;0.0;0.0
000005473;1.0;0.0;0.0;0.0
000005426;0.0;0.0;0.0;0.0
000005474;1.0;1.0;1.0;1.0
000005487;0.0;0.0;0.0;0.0
000005501;0.0;0.0;0.0;0.0
000005497;1.0;1.0;1.0;1.0
000005512;1.0;1.0;1.0;1.0
000005516;1.0;1.0;1.0;1.0
000005532;0.0;0.0;0.0;0.0
000005546;0.0;0.0;0.0;0.0
000005553;1.0;1.0;1.0;1.0
000005281;1.0;1.0;0.0;0.0
000005589;0.0;0.0;0.0;0.0
000005611;0.0;0.0;0.0;0.0
000005648;1.0;1.0;1.0;1.0
000005550;1.0;1.0;1.0;1.0
000005544;1.0;1.0;1.0;1.0
000005562;1.0;1.0;1.0;1.0
000005565;0.0;0.0;0.0;0.0
000005670;1.0;0.0;0.0;0.0
000005674;1.0;1.0;1.0;1.0
000005675;1.0;1.0;1.0;1.0
000005681;1.0;0.0;0.0;0.0
000005680;1.0;1.0;1.0;1.0
000005693;1.0;1.0;1.0;1.0
000005700;1.0;1.0;1.0;0.0
000005743;1.0;1.0;1.0;1.0
000005737;1.0;1.0;1.0;1.0
000005750;1.0;1.0;1.0;1.0
000005720;1.0;1.0;1.0;1.0
000005753;0.0;0.0;0.0;0.0
000005755;0.0;0.0;0.0;0.0
000005764;0.0;0.0;0.0;0.0
000005763;0.0;0.0;0.0;0.0
000005769;1.0;1.0;0.0;0.0
000005816;1.0;1.0;1.0;1.0
000005820;1.0;1.0;1.0;1.0
000005789;1.0;1.0;1.0;1.0
000005799;0.0;0.0;0.0;0.0
000005843;1.0;0.0;0.0;0.0
000005831;1.0;1.0;1.0;1.0
000005828;1.0;1.0;1.0;1.0
000005835;1.0;1.0;1.0;1.0
000005815;1.0;1.0;1.0;1.0
000005840;1.0;1.0;1.0;1.0
000005813;0.0;0.0;0.0;0.0
000005809;1.0;1.0;1.0;1.0
000005862;0.0;0.0;0.0;0.0
000005889;0.0;0.0;0.0;0.0
000005887;0.0;0.0;0.0;0.0
000005890;0.0;0.0;0.0;0.0
000005576;1.0;1.0;1.0;1.0
000005894;1.0;1.0;1.0;1.0
000005897;0.0;0.0;0.0;0.0
000005592;1.0;0.0;0.0;0.0
000005905;1.0;1.0;1.0;1.0
000005928;0.0;0.0;0.0;0.0
000005930;1.0;0.0;0.0;0.0
000005933;1.0;1.0;1.0;1.0
000005939;1.0;1.0;1.0;1.0
000005946;0.0;0.0;0.0;0.0
000005953;1.0;0.0;0.0;0.0
000005963;0.0;0.0;0.0;0.0
000005970;0.0;0.0;0.0;0.0
000005998;1.0;0.0;0.0;0.0
000006014;0.0;0.0;0.0;0.0
000006024;0.0;0.0;0.0;0.0
000006011;1.0;1.0;1.0;1.0
000006025;1.0;1.0;1.0;1.0
000006018;1.0;1.0;1.0;1.0
000006031;1.0;1.0;1.0;1.0
000006049;1.0;1.0;1.0;1.0
000006062;0.0;0.0;0.0;0.0
000006065;0.0;0.0;0.0;0.0
000006070;1.0;1.0;1.0;1.0
000006082;0.0;0.0;0.0;0.0
000006087;0.0;0.0;0.0;0.0
000006111;0.0;0.0;0.0;0.0
000006140;0.0;0.0;0.0;0.0
000006145;0.0;0.0;0.0;0.0
000006152;1.0;1.0;1.0;1.0
000006110;1.0;1.0;1.0;1.0
000006174;0.0;0.0;0.0;0.0
000006229;1.0;1.0;1.0;1.0
000006241;1.0;1.0;1.0;1.0
000006242;0.0;0.0;0.0;0.0
000006250;1.0;0.0;0.0;0.0
000006262;1.0;0.0;0.0;0.0
000006268;0.0;0.0;0.0;0.0
000006247;0.0;0.0;0.0;0.0
000006249;0.0;0.0;0.0;0.0
000006244;0.0;0.0;0.0;0.0
000006256;1.0;1.0;1.0;1.0
000006281;0.0;0.0;0.0;0.0
000006286;1.0;1.0;1.0;1.0
000006290;1.0;1.0;1.0;1.0
000006297;1.0;1.0;1.0;1.0
000006299;1.0;1.0;1.0;1.0
000006298;0.0;0.0;0.0;0.0
000006318;0.0;0.0;0.0;0.0
000006326;1.0;1.0;1.0;1.0
000006334;0.0;0.0;0.0;0.0
000006344;0.0;0.0;0.0;0.0
000006324;0.0;0.0;0.0;0.0
000006352;0.0;0.0;0.0;0.0
000006355;1.0;1.0;1.0;1.0
000006362;0.0;0.0;0.0;0.0
000006370;1.0;1.0;1.0;1.0
000006291;0.0;0.0;0.0;0.0
000006374;0.0;0.0;0.0;0.0
000006379;1.0;1.0;1.0;1.0
000006415;1.0;1.0;1.0;1.0
000006429;0.0;0.0;0.0;0.0
000006411;1.0;1.0;1.0;1.0
000006406;0.0;0.0;0.0;0.0
000006264;1.0;1.0;1.0;1.0
000006463;1.0;1.0;1.0;1.0
000006431;1.0;0.0;0.0;0.0
000006466;0.0;0.0;0.0;0.0
000006480;1.0;1.0;1.0;1.0
000006475;0.0;0.0;0.0;0.0
000006501;0.0;0.0;0.0;0.0
000006535;1.0;0.0;0.0;0.0
000006536;1.0;0.0;0.0;0.0
000006538;1.0;0.0;0.0;0.0
000006562;0.0;0.0;0.0;0.0
000006503;0.0;0.0;0.0;0.0
000006544;1.0;1.0;1.0;1.0
000006548;1.0;0.0;0.0;0.0
000006560;1.0;1.0;1.0;1.0
000006566;1.0;1.0;1.0;1.0
000006567;1.0;0.0;0.0;0.0
000006575;0.0;0.0;0.0;0.0
000006580;0.0;0.0;0.0;0.0
000006585;1.0;1.0;1.0;1.0
000006506;0.0;0.0;0.0;0.0
000006599;1.0;1.0;1.0;1.0
000006610;1.0;1.0;1.0;1.0
000006611;1.0;1.0;1.0;1.0
000006625;1.0;1.0;0.0;0.0
000006631;1.0;1.0;1.0;1.0
000006638;0.0;0.0;0.0;0.0
000006649;1.0;1.0;1.0;1.0
000006660;1.0;0.0;0.0;0.0
000006673;1.0;1.0;1.0;1.0
000006668;0.0;0.0;0.0;0.0
000006683;0.0;0.0;0.0;0.0
000006670;0.0;0.0;0.0;0.0
000006681;1.0;1.0;1.0;1.0
000006699;0.0;0.0;0.0;0.0
000006685;1.0;0.0;0.0;0.0
000006709;1.0;0.0;0.0;0.0
000006724;1.0;1.0;1.0;1.0
000006692;1.0;1.0;1.0;1.0
000006796;1.0;1.0;1.0;1.0
000006802;0.0;0.0;0.0;0.0
000006804;0.0;0.0;0.0;0.0
000006814;1.0;1.0;1.0;1.0
000006839;1.0;0.0;0.0;0.0
000006851;1.0;1.0;1.0;1.0
000006867;1.0;1.0;1.0;1.0
000006873;1.0;1.0;1.0;1.0
000006877;1.0;1.0;1.0;1.0
000006884;0.0;0.0;0.0;0.0
000006923;0.0;0.0;0.0;0.0
000006928;1.0;1.0;1.0;1.0
000006939;0.0;0.0;0.0;0.0
000006932;0.0;0.0;0.0;0.0
000006952;0.0;0.0;0.0;0.0
000006960;1.0;1.0;1.0;1.0
000006895;1.0;1.0;0.0;0.0
000006982;1.0;1.0;1.0;1.0
000006926;1.0;0.0;0.0;0.0
000006931;0.0;0.0;0.0;0.0
000006999;1.0;1.0;1.0;1.0
000007021;1.0;1.0;1.0;1.0
000006975;1.0;1.0;1.0;1.0
000006965;1.0;1.0;1.0;1.0
000007013;0.0;0.0;0.0;0.0
000007011;1.0;1.0;1.0;1.0
000007008;0.0;0.0;0.0;0.0
000006961;0.0;0.0;0.0;0.0
000007023;1.0;1.0;1.0;1.0
000007067;1.0;0.0;0.0;0.0
000006946;1.0;1.0;1.0;1.0
000007071;1.0;0.0;0.0;0.0
000006920;1.0;1.0;1.0;1.0
000007124;1.0;0.0;0.0;0.0
000007126;1.0;1.0;1.0;1.0
000007148;1.0;1.0;1.0;1.0
000007127;0.0;0.0;0.0;0.0
000007165;1.0;1.0;1.0;1.0
000007129;1.0;1.0;1.0;1.0
000007193;1.0;1.0;1.0;1.0
000007183;0.0;0.0;0.0;0.0
000007203;0.0;0.0;0.0;0.0
000007202;0.0;0.0;0.0;0.0
000007205;1.0;1.0;1.0;1.0
000007214;1.0;0.0;0.0;0.0
000007213;1.0;1.0;1.0;1.0
000007093;1.0;1.0;1.0;1.0
000007231;1.0;1.0;1.0;1.0
000007094;0.0;0.0;0.0;0.0
000007254;1.0;1.0;1.0;1.0
000007261;1.0;0.0;0.0;0.0
000007269;1.0;1.0;1.0;1.0
000007279;0.0;0.0;0.0;0.0
000007283;0.0;0.0;0.0;0.0
000007284;1.0;1.0;1.0;1.0
000007290;0.0;0.0;0.0;0.0
000007295;1.0;1.0;1.0;1.0
000007310;0.0;0.0;0.0;0.0
000007312;1.0;1.0;1.0;1.0
000007244;0.0;0.0;0.0;0.0
000007324;0.0;0.0;0.0;0.0
000007345;1.0;1.0;1.0;1.0
000007347;1.0;0.0;0.0;0.0
000007352;1.0;0.0;0.0;0.0
000007357;0.0;0.0;0.0;0.0
000006896;0.0;0.0;0.0;0.0
000007343;0.0;0.0;0.0;0.0
000007390;0.0;0.0;0.0;0.0
000007373;1.0;1.0;1.0;1.0
000007375;0.0;0.0;0.0;0.0
000007449;0.0;0.0;0.0;0.0
000007452;0.0;0.0;0.0;0.0
000007428;0.0;0.0;0.0;0.0
000007515;0.0;0.0;0.0;0.0
000007382;0.0;0.0;0.0;0.0
000007438;0.0;0.0;0.0;0.0
000007527;1.0;0.0;0.0;0.0
000007530;0.0;0.0;0.0;0.0
000007532;1.0;1.0;1.0;1.0
000007533;0.0;0.0;0.0;0.0
000007536;0.0;0.0;0.0;0.0
000007519;1.0;1.0;1.0;1.0
000007537;0.0;0.0;0.0;0.0
000007550;1.0;1.0;1.0;1.0
000007560;1.0;1.0;1.0;0.0
000007568;1.0;1.0;1.0;1.0
000007579;1.0;1.0;1.0;1.0
000007575;0.0;0.0;0.0;0.0
000007596;1.0;1.0;1.0;0.0
000007601;0.0;0.0;0.0;0.0
000007637;1.0;1.0;1.0;1.0
000007640;0.0;0.0;0.0;0.0
000007650;0.0;0.0;0.0;0.0
000007659;0.0;0.0;0.0;0.0
000007607;1.0;1.0;1.0;1.0
000007673;1.0;0.0;0.0;0.0
000007675;0.0;0.0;0.0;0.0
000007625;1.0;1.0;1.0;1.0
000007677;1.0;1.0;1.0;1.0
000007681;1.0;1.0;1.0;1.0
000007682;0.0;0.0;0.0;0.0
000007688;1.0;0.0;0.0;0.0
000007689;1.0;1.0;1.0;1.0
000007691;0.0;0.0;0.0;0.0
000007620;1.0;1.0;1.0;0.0
000007705;0.0;0.0;0.0;0.0
000007725;1.0;1.0;1.0;1.0
000007738;1.0;0.0;0.0;0.0
000007744;1.0;1.0;1.0;1.0
000007741;0.0;0.0;0.0;0.0
000007781;0.0;0.0;0.0;0.0
000007789;0.0;0.0;0.0;0.0
000007872;0.0;0.0;0.0;0.0
000007883;0.0;0.0;0.0;0.0
000007890;1.0;1.0;0.0;0.0
000007826;1.0;0.0;0.0;0.0
000007812;0.0;0.0;0.0;0.0
000007840;0.0;0.0;0.0;0.0
000007832;1.0;1.0;1.0;1.0
000007884;1.0;1.0;1.0;1.0
000007916;0.0;0.0;0.0;0.0
000007917;0.0;0.0;0.0;0.0
000007936;1.0;1.0;1.0;1.0
000007935;1.0;1.0;1.0;1.0
000007934;1.0;1.0;1.0;1.0
000007943;1.0;1.0;1.0;1.0
000007967;1.0;0.0;0.0;0.0
000007971;0.0;0.0;0.0;0.0
000007843;1.0;1.0;1.0;1.0
000007975;1.0;1.0;1.0;1.0
000007976;0.0;0.0;0.0;0.0
000007979;1.0;1.0;1.0;1.0
000007990;1.0;1.0;1.0;1.0
000008010;0.0;0.0;0.0;0.0
000008021;1.0;1.0;1.0;1.0
000008017;0.0;0.0;0.0;0.0
000008031;1.0;1.0;1.0;1.0
000008045;1.0;1.0;1.0;1.0
000008081;1.0;1.0;1.0;1.0
000008087;1.0;0.0;0.0;0.0
000008099;0.0;0.0;0.0;0.0
000008127;1.0;1.0;1.0;1.0
000008106;0.0;0.0;0.0;0.0
000008136;1.0;1.0;1.0;1.0
000008141;0.0;0.0;0.0;0.0
000008146;1.0;1.0;0.0;0.0
000008168;1.0;1.0;1.0;1.0
000008196;0.0;0.0;0.0;0.0
000008199;0.0;0.0;0.0;0.0
000008166;0.0;0.0;0.0;0.0
000008092;1.0;1.0;1.0;1.0
000008231;0.0;0.0;0.0;0.0
000008228;1.0;1.0;0.0;0.0
000008244;0.0;0.0;0.0;0.0
000008252;0.0;0.0;0.0;0.0
000008253;0.0;0.0;0.0;0.0
000008257;0.0;0.0;0.0;0.0
000008267;0.0;0.0;0.0;0.0
000008274;0.0;0.0;0.0;0.0
000008236;0.0;0.0;0.0;0.0
000008281;0.0;0.0;0.0;0.0
000008287;0.0;0.0;0.0;0.0
000008313;0.0;0.0;0.0;0.0
000008321;1.0;1.0;1.0;1.0
000008326;1.0;1.0;1.0;1.0
000008331;1.0;0.0;0.0;0.0
000008341;0.0;0.0;0.0;0.0
000008345;0.0;0.0;0.0;0.0
000008360;1.0;1.0;1.0;1.0
000008390;0.0;0.0;0.0;0.0
000008391;0.0;0.0;0.0;0.0
000008361;1.0;1.0;1.0;1.0
000008348;1.0;1.0;1.0;1.0
000008401;0.0;0.0;0.0;0.0
000008344;0.0;0.0;0.0;0.0
000008419;0.0;0.0;0.0;0.0
000008428;0.0;0.0;0.0;0.0
000008291;1.0;1.0;1.0;1.0
000008438;1.0;1.0;1.0;1.0
000008450;0.0;0.0;0.0;0.0
000008434;1.0;1.0;1.0;1.0
000008446;0.0;0.0;0.0;0.0
000008436;1.0;1.0;1.0;1.0
000008460;1.0;1.0;1.0;1.0
000008457;0.0;0.0;0.0;0.0
000008468;0.0;0.0;0.0;0.0
000008455;0.0;0.0;0.0;0.0
000008464;1.0;1.0;1.0;1.0
000008477;1.0;1.0;1.0;1.0
000008488;0.0;0.0;0.0;0.0
000008442;0.0;0.0;0.0;0.0
000008486;1.0;1.0;1.0;1.0
000008500;1.0;1.0;1.0;1.0
000008505;0.0;0.0;0.0;0.0
000008415;0.0;0.0;0.0;0.0
000008496;1.0;1.0;1.0;1.0
000008494;1.0;1.0;1.0;1.0
000008512;0.0;0.0;0.0;0.0
000008517;1.0;1.0;1.0;1.0
000008523;0.0;0.0;0.0;0.0
000008532;0.0;0.0;0.0;0.0
000008552;1.0;1.0;1.0;1.0
000008554;1.0;1.0;1.0;1.0
000008503;1.0;1.0;1.0;1.0
000008560;1.0;1.0;1.0;1.0
000008562;0.0;0.0;0.0;0.0
000008565;1.0;1.0;1.0;1.0
000008410;0.0;0.0;0.0;0.0
000008574;0.0;0.0;0.0;0.0
000008607;0.0;0.0;0.0;0.0
000008623;0.0;0.0;0.0;0.0
000008630;1.0;1.0;1.0;1.0
000008631;1.0;1.0;1.0;1.0
000008599;1.0;0.0;0.0;0.0
000008469;1.0;1.0;1.0;1.0
000008653;0.0;0.0;0.0;0.0
000008665;0.0;0.0;0.0;0.0
000008675;0.0;0.0;0.0;0.0
000008537;0.0;0.0;0.0;0.0
000008683;1.0;1.0;1.0;1.0
000008692;1.0;1.0;1.0;1.0
000008697;1.0;0.0;0.0;0.0
000008706;0.0;0.0;0.0;0.0
000008718;1.0;1.0;1.0;1.0
000008720;0.0;0.0;0.0;0.0
000008729;0.0;0.0;0.0;0.0
000008752;0.0;0.0;0.0;0.0
000008746;0.0;0.0;0.0;0.0
000008754;1.0;1.0;1.0;1.0
000008766;0.0;0.0;0.0;0.0
000008769;0.0;0.0;0.0;0.0
000008776;1.0;0.0;0.0;0.0
000008778;0.0;0.0;0.0;0.0
000008795;0.0;0.0;0.0;0.0
000008798;1.0;1.0;1.0;1.0
000008804;1.0;0.0;0.0;0.0
000008805;0.0;0.0;0.0;0.0
000008834;1.0;1.0;1.0;1.0
000008808;0.0;0.0;0.0;0.0
000008830;1.0;1.0;1.0;1.0
000008836;1.0;1.0;1.0;1.0
000008721;1.0;1.0;1.0;1.0
000008842;1.0;1.0;1.0;1.0
000008853;1.0;1.0;1.0;1.0
000008854;0.0;0.0;0.0;0.0
000008867;0.0;0.0;0.0;0.0
000008871;1.0;1.0;1.0;1.0
000008880;0.0;0.0;0.0;0.0
000008811;1.0;1.0;1.0;1.0
000008888;0.0;0.0;0.0;0.0
000008825;1.0;1.0;1.0;1.0
000008927;0.0;0.0;0.0;0.0
000008412;0.0;0.0;0.0;0.0
000008930;1.0;1.0;1.0;1.0
000008933;1.0;1.0;1.0;1.0
000008950;0.0;0.0;0.0;0.0
000008952;1.0;0.0;0.0;0.0
000008986;1.0;1.0;1.0;1.0
000008979;1.0;1.0;1.0;1.0
000008970;1.0;1.0;1.0;1.0
000009009;0.0;0.0;0.0;0.0
000009016;1.0;0.0;0.0;0.0
000009017;1.0;1.0;1.0;1.0
000009019;0.0;0.0;0.0;0.0
000009105;1.0;1.0;1.0;1.0
000009106;0.0;0.0;0.0;0.0
000009116;1.0;1.0;1.0;1.0
000009109;0.0;0.0;0.0;0.0
000009075;0.0;0.0;0.0;0.0
000009046;0.0;0.0;0.0;0.0
000009083;1.0;1.0;1.0;1.0
000009091;0.0;0.0;0.0;0.0
000009113;1.0;1.0;1.0;1.0
000009095;0.0;0.0;0.0;0.0
000009112;1.0;1.0;0.0;0.0
000009130;0.0;0.0;0.0;0.0
000009038;1.0;1.0;1.0;1.0
000009135;1.0;0.0;0.0;0.0
000009136;0.0;0.0;0.0;0.0
000009144;0.0;0.0;0.0;0.0
000009030;0.0;0.0;0.0;0.0
000009149;0.0;0.0;0.0;0.0
000009156;1.0;1.0;1.0;1.0
000009168;0.0;0.0;0.0;0.0
000009170;1.0;1.0;1.0;1.0
000009175;1.0;1.0;1.0;1.0
000009190;1.0;1.0;1.0;1.0
000009189;1.0;1.0;1.0;1.0
000009194;1.0;1.0;1.0;1.0
000009195;0.0;0.0;0.0;0.0
000009209;0.0;0.0;0.0;0.0
000009226;0.0;0.0;0.0;0.0
000009236;1.0;1.0;1.0;1.0
000009270;0.0;0.0;0.0;0.0
000009248;0.0;0.0;0.0;0.0
000009297;1.0;1.0;1.0;1.0
000009311;1.0;0.0;0.0;0.0
000009323;0.0;0.0;0.0;0.0
000009321;1.0;1.0;1.0;1.0
000009358;1.0;1.0;1.0;1.0
000009374;1.0;1.0;1.0;1.0
000009387;1.0;1.0;1.0;1.0
000009399;0.0;0.0;0.0;0.0
000009402;1.0;1.0;1.0;1.0
000009403;1.0;1.0;1.0;1.0
000009424;1.0;1.0;0.0;0.0
000009450;1.0;1.0;1.0;1.0
000009448;0.0;0.0;0.0;0.0
000009496;0.0;0.0;0.0;0.0
000009497;1.0;0.0;0.0;0.0
000009468;1.0;1.0;1.0;1.0
000009477;0.0;0.0;0.0;0.0
000009440;0.0;0.0;0.0;0.0
000009460;0.0;0.0;0.0;0.0
000009527;1.0;1.0;1.0;1.0
000009503;1.0;1.0;1.0;1.0
000009525;0.0;0.0;0.0;0.0
000009536;1.0;0.0;0.0;0.0
000009564;1.0;1.0;1.0;1.0
000009567;1.0;1.0;1.0;1.0
000009571;0.0;0.0;0.0;0.0
000009573;0.0;0.0;0.0;0.0
000009578;0.0;0.0;0.0;0.0
000009589;0.0;0.0;0.0;0.0
000009594;1.0;1.0;1.0;1.0
000009596;0.0;0.0;0.0;0.0
000009595;0.0;0.0;0.0;0.0
000009601;0.0;0.0;0.0;0.0
000009607;0.0;0.0;0.0;0.0
000009609;1.0;0.0;0.0;0.0
000009630;1.0;1.0;1.0;1.0
000009632;0.0;0.0;0.0;0.0
000009638;0.0;0.0;0.0;0.0
000009641;1.0;1.0;1.0;1.0
000009642;0.0;0.0;0.0;0.0
000009651;1.0;1.0;1.0;1.0
000009660;0.0;0.0;0.0;0.0
000009621;0.0;0.0;0.0;0.0
000009681;0.0;0.0;0.0;0.0
000009696;0.0;0.0;0.0;0.0
000009701;0.0;0.0;0.0;0.0
000009716;1.0;1.0;1.0;1.0
000009731;1.0;1.0;1.0;1.0
000009728;1.0;1.0;1.0;1.0
000009760;0.0;0.0;0.0;0.0
000009779;1.0;1.0;1.0;1.0
000009777;1.0;1.0;0.0;0.0
000009790;1.0;1.0;1.0;1.0
000009795;1.0;0.0;0.0;0.0
000009792;1.0;1.0;1.0;1.0
000009800;1.0;1.0;1.0;1.0
000009802;0.0;0.0;0.0;0.0
000009837;0.0;0.0;0.0;0.0
000009840;1.0;1.0;1.0;1.0
000009860;1.0;1.0;1.0;1.0
000009870;0.0;0.0;0.0;0.0
000009882;1.0;1.0;1.0;1.0
000009880;0.0;0.0;0.0;0.0
000009873;0.0;0.0;0.0;0.0
000009889;1.0;0.0;0.0;0.0
000009895;1.0;1.0;1.0;0.0
000009902;1.0;1.0;1.0;1.0
000009911;1.0;1.0;1.0;1.0
000009912;1.0;0.0;0.0;0.0
000009959;1.0;1.0;1.0;1.0
000009962;1.0;0.0;0.0;0.0
000009935;1.0;1.0;1.0;1.0
000009989;1.0;1.0;1.0;1.0
000010002;1.0;1.0;1.0;1.0
000010010;0.0;0.0;0.0;0.0
000010014;0.0;0.0;0.0;0.0
000010005;0.0;0.0;0.0;0.0
000010004;1.0;1.0;1.0;1.0
000010032;1.0;1.0;1.0;1.0
000010028;0.0;0.0;0.0;0.0
000010036;1.0;1.0;1.0;1.0
000010048;1.0;1.0;1.0;1.0
000010051;1.0;0.0;0.0;0.0
000010047;0.0;0.0;0.0;0.0
000010059;1.0;0.0;0.0;0.0
000010076;0.0;0.0;0.0;0.0
000010092;0.0;0.0;0.0;0.0
000010074;1.0;0.0;0.0;0.0
000010098;0.0;0.0;0.0;0.0
000010078;1.0;1.0;1.0;1.0
000010103;1.0;1.0;1.0;1.0
000010123;1.0;1.0;1.0;1.0
000010122;1.0;1.0;1.0;1.0
000010115;1.0;0.0;0.0;0.0
000010138;1.0;1.0;1.0;1.0
000010139;1.0;0.0;0.0;0.0
000009950;1.0;1.0;1.0;1.0
000010147;1.0;1.0;1.0;1.0
000010145;1.0;0.0;0.0;0.0
000010152;0.0;0.0;0.0;0.0
000010157;0.0;0.0;0.0;0.0
000010169;1.0;1.0;1.0;1.0
000010180;1.0;0.0;0.0;0.0
000010186;1.0;1.0;1.0;1.0
000010207;1.0;0.0;0.0;0.0
000010214;1.0;1.0;1.0;1.0
000010217;0.0;0.0;0.0;0.0
000010220;1.0;1.0;1.0;1.0
000010223;0.0;0.0;0.0;0.0
000010229;1.0;1.0;1.0;1.0
000010233;1.0;1.0;1.0;1.0
000010237;0.0;0.0;0.0;0.0
000010244;1.0;1.0;1.0;1.0
000010248;1.0;1.0;1.0;1.0
000010293;0.0;0.0;0.0;0.0
000010319;0.0;0.0;0.0;0.0
000010325;0.0;0.0;0.0;0.0
000010358;1.0;1.0;1.0;1.0
000010360;1.0;1.0;1.0;1.0
000010367;0.0;0.0;0.0;0.0
000010485;1.0;1.0;1.0;1.0
000010491;1.0;1.0;1.0;1.0
000010509;1.0;1.0;1.0;1.0
000010518;1.0;1.0;1.0;1.0
000010526;0.0;0.0;0.0;0.0
000010530;1.0;0.0;0.0;0.0
000010531;1.0;1.0;1.0;1.0
000010461;1.0;1.0;1.0;1.0
000010543;1.0;1.0;1.0;1.0
000010448;1.0;1.0;1.0;1.0
000010550;0.0;0.0;0.0;0.0
000010269;0.0;0.0;0.0;0.0
000010563;0.0;0.0;0.0;0.0
000010300;0.0;0.0;0.0;0.0
000010305;1.0;1.0;1.0;1.0
000010327;1.0;1.0;1.0;1.0
000010372;1.0;1.0;1.0;1.0
000010573;1.0;1.0;1.0;1.0
000010336;0.0;0.0;0.0;0.0
000010430;0.0;0.0;0.0;0.0
000010412;1.0;0.0;0.0;0.0
000010394;0.0;0.0;0.0;0.0
000010589;0.0;0.0;0.0;0.0
000010591;1.0;1.0;1.0;1.0
000010427;0.0;0.0;0.0;0.0
000010599;1.0;1.0;1.0;1.0
000010607;1.0;1.0;1.0;1.0
000010594;1.0;1.0;1.0;1.0
000010608;0.0;0.0;0.0;0.0
000010614;1.0;1.0;1.0;1.0
000010631;0.0;0.0;0.0;0.0
000010632;0.0;0.0;0.0;0.0
000010266;1.0;1.0;1.0;1.0
000010649;0.0;0.0;0.0;0.0
000010666;0.0;0.0;0.0;0.0
000010282;1.0;0.0;0.0;0.0
000010682;1.0;0.0;0.0;0.0
000010386;1.0;1.0;1.0;1.0
000010689;0.0;0.0;0.0;0.0
000010693;1.0;1.0;1.0;1.0
000010702;1.0;1.0;1.0;1.0
000010708;0.0;0.0;0.0;0.0
000010709;1.0;1.0;1.0;1.0
000010728;1.0;1.0;1.0;1.0
000010734;1.0;1.0;1.0;1.0
000010778;1.0;1.0;1.0;1.0
000010791;0.0;0.0;0.0;0.0
000010814;1.0;1.0;1.0;1.0
000010827;1.0;1.0;1.0;1.0
000010634;0.0;0.0;0.0;0.0
000010857;0.0;0.0;0.0;0.0
000010860;1.0;1.0;1.0;1.0
000010877;0.0;0.0;0.0;0.0
000010879;1.0;1.0;1.0;1.0
000010885;1.0;1.0;1.0;1.0
000010884;1.0;1.0;1.0;1.0
000010890;1.0;1.0;1.0;0.0
000010895;1.0;1.0;1.0;1.0
000010917;1.0;1.0;1.0;1.0
000010920;1.0;1.0;1.0;1.0
000010942;1.0;1.0;1.0;1.0
000010966;1.0;1.0;1.0;1.0
000010974;1.0;1.0;1.0;1.0
000011057;1.0;1.0;1.0;1.0
000011080;0.0;0.0;0.0;0.0
000011077;1.0;1.0;1.0;0.0
000011099;0.0;0.0;0.0;0.0
000011108;1.0;1.0;1.0;1.0
000011118;1.0;1.0;1.0;1.0
000011142;1.0;1.0;1.0;1.0
000011147;1.0;1.0;1.0;1.0
000011153;1.0;1.0;1.0;1.0
000011155;0.0;0.0;0.0;0.0
000011160;1.0;1.0;1.0;0.0
000011165;0.0;0.0;0.0;0.0
000011180;1.0;1.0;1.0;1.0
000011200;0.0;0.0;0.0;0.0
000011209;1.0;1.0;1.0;1.0
000011211;0.0;0.0;0.0;0.0
000011226;1.0;1.0;1.0;1.0
000011229;1.0;1.0;1.0;1.0
000011240;0.0;0.0;0.0;0.0
000011264;1.0;0.0;0.0;0.0
000011267;0.0;0.0;0.0;0.0
000011319;0.0;0.0;0.0;0.0
000011325;1.0;1.0;1.0;1.0
000010850;1.0;1.0;1.0;1.0
000011268;1.0;0.0;0.0;0.0
000011345;1.0;1.0;1.0;1.0
000011342;0.0;0.0;0.0;0.0
000011218;0.0;0.0;0.0;0.0
000011366;1.0;1.0;1.0;1.0
000011131;0.0;0.0;0.0;0.0
000011368;1.0;1.0;1.0;1.0
000011380;1.0;1.0;1.0;1.0
000010913;1.0;1.0;1.0;1.0
000011337;1.0;1.0;1.0;1.0
000011369;0.0;0.0;0.0;0.0
000011335;0.0;0.0;0.0;0.0
000011379;1.0;0.0;0.0;0.0
000011332;0.0;0.0;0.0;0.0
000011357;1.0;1.0;1.0;1.0
000011394;0.0;0.0;0.0;0.0
000011389;1.0;1.0;1.0;0.0
000011265;0.0;0.0;0.0;0.0
000011048;1.0;1.0;1.0;1.0
000011386;1.0;1.0;1.0;1.0
000011090;0.0;0.0;0.0;0.0
000011423;1.0;1.0;1.0;1.0
000011233;1.0;1.0;1.0;1.0
000011138;0.0;0.0;0.0;0.0
000011094;0.0;0.0;0.0;0.0
000011140;1.0;1.0;1.0;1.0
000011129;0.0;0.0;0.0;0.0
000011031;1.0;1.0;1.0;1.0
000010991;0.0;0.0;0.0;0.0
000010915;0.0;0.0;0.0;0.0
000011457;0.0;0.0;0.0;0.0
000011460;1.0;1.0;1.0;1.0
000011221;1.0;1.0;1.0;1.0
000011478;0.0;0.0;0.0;0.0
000011471;1.0;1.0;1.0;1.0
000011477;1.0;1.0;1.0;1.0
000011504;1.0;0.0;0.0;0.0
000011492;0.0;0.0;0.0;0.0
000011517;0.0;0.0;0.0;0.0
000011483;1.0;1.0;1.0;1.0
000011526;1.0;0.0;0.0;0.0
000011532;0.0;0.0;0.0;0.0
000011537;0.0;0.0;0.0;0.0
000011542;1.0;0.0;0.0;0.0
000011536;0.0;0.0;0.0;0.0
000010548;0.0;0.0;0.0;0.0
000011554;1.0;0.0;0.0;0.0
000011481;1.0;1.0;1.0;1.0
000011564;0.0;0.0;0.0;0.0
000011594;0.0;0.0;0.0;0.0
000011573;0.0;0.0;0.0;0.0
000011580;1.0;1.0;1.0;1.0
000011622;1.0;1.0;1.0;1.0
000011623;0.0;0.0;0.0;0.0
000011656;1.0;1.0;1.0;1.0
000011649;1.0;1.0;1.0;1.0
000011655;1.0;1.0;1.0;1.0
000011667;1.0;1.0;1.0;1.0
000011659;1.0;1.0;1.0;1.0
000011686;0.0;0.0;0.0;0.0
000011228;0.0;0.0;0.0;0.0
000011695;1.0;1.0;1.0;1.0
000011713;0.0;0.0;0.0;0.0
000011724;1.0;1.0;1.0;1.0
000011712;1.0;1.0;1.0;1.0
000011739;0.0;0.0;0.0;0.0
000011750;1.0;0.0;0.0;0.0
000011752;1.0;1.0;1.0;1.0
000011758;1.0;0.0;0.0;0.0
000011769;0.0;0.0;0.0;0.0
000011710;1.0;1.0;1.0;1.0
000011734;1.0;1.0;1.0;1.0
000011781;1.0;1.0;1.0;1.0
000011787;0.0;0.0;0.0;0.0
000011795;0.0;0.0;0.0;0.0
000011815;0.0;0.0;0.0;0.0
000011793;0.0;0.0;0.0;0.0
000011822;1.0;1.0;1.0;1.0
000011802;1.0;0.0;0.0;0.0
000011841;0.0;0.0;0.0;0.0
000011843;1.0;1.0;1.0;1.0
000011866;0.0;0.0;0.0;0.0
000011870;1.0;1.0;1.0;1.0
000011878;1.0;1.0;1.0;1.0
000011881;1.0;1.0;1.0;1.0
000011890;1.0;1.0;1.0;1.0
000011898;0.0;0.0;0.0;0.0
000011900;0.0;0.0;0.0;0.0
000011884;1.0;1.0;1.0;1.0
000011905;1.0;1.0;1.0;1.0
000011913;0.0;0.0;0.0;0.0
000011910;0.0;0.0;0.0;0.0
000011922;1.0;1.0;1.0;1.0
000011931;1.0;1.0;1.0;1.0
000011944;1.0;1.0;1.0;1.0
000011947;1.0;1.0;1.0;1.0
000011951;1.0;1.0;1.0;1.0
000011973;0.0;0.0;0.0;0.0
000011955;1.0;1.0;1.0;1.0
000011977;0.0;0.0;0.0;0.0
000011980;1.0;1.0;1.0;1.0
000011982;1.0;0.0;0.0;0.0
000011987;0.0;0.0;0.0;0.0
000011958;1.0;1.0;0.0;0.0
000011988;1.0;1.0;1.0;1.0
000011989;0.0;0.0;0.0;0.0
000011997;1.0;1.0;1.0;1.0
000012001;1.0;1.0;1.0;1.0
000012003;1.0;1.0;1.0;1.0
000011894;0.0;0.0;0.0;0.0
000012004;1.0;1.0;1.0;1.0
000012025;0.0;0.0;0.0;0.0
000012030;0.0;0.0;0.0;0.0
000012027;0.0;0.0;0.0;0.0
000012017;1.0;1.0;1.0;1.0
000012042;0.0;0.0;0.0;0.0
000012054;0.0;0.0;0.0;0.0
000012055;1.0;0.0;0.0;0.0
000012060;0.0;0.0;0.0;0.0
000012067;0.0;0.0;0.0;0.0
000012062;0.0;0.0;0.0;0.0
000012069;1.0;1.0;1.0;1.0
000012066;0.0;0.0;0.0;0.0
000012071;0.0;0.0;0.0;0.0
000012076;1.0;1.0;1.0;1.0
000012089;0.0;0.0;0.0;0.0
000012092;0.0;0.0;0.0;0.0
000012093;1.0;1.0;1.0;1.0
000012088;1.0;1.0;1.0;1.0
000012091;1.0;1.0;1.0;1.0
000012090;0.0;0.0;0.0;0.0
000012095;0.0;0.0;0.0;0.0
000012096;0.0;0.0;0.0;0.0
000012112;1.0;1.0;1.0;1.0
000012114;1.0;1.0;1.0;1.0
000012105;1.0;1.0;1.0;1.0
000012131;1.0;1.0;1.0;1.0
000012138;1.0;1.0;1.0;1.0
000012135;0.0;0.0;0.0;0.0
000012142;0.0;0.0;0.0;0.0
000012110;0.0;0.0;0.0;0.0
000012144;0.0;0.0;0.0;0.0
000012130;1.0;1.0;1.0;1.0
000012165;0.0;0.0;0.0;0.0
000012172;1.0;1.0;1.0;1.0
000012177;0.0;0.0;0.0;0.0
000012008;1.0;1.0;1.0;1.0
000012188;0.0;0.0;0.0;0.0
000012182;0.0;0.0;0.0;0.0
000012195;1.0;1.0;1.0;0.0
000012222;1.0;1.0;1.0;1.0
000012189;0.0;0.0;0.0;0.0
000012226;0.0;0.0;0.0;0.0
000012233;0.0;0.0;0.0;0.0
000012203;0.0;0.0;0.0;0.0
000012239;1.0;1.0;1.0;1.0
000012243;0.0;0.0;0.0;0.0
000012246;1.0;0.0;0.0;0.0
000012255;0.0;0.0;0.0;0.0
000012261;1.0;1.0;1.0;1.0
000012271;0.0;0.0;0.0;0.0
000012214;0.0;0.0;0.0;0.0
000012276;0.0;0.0;0.0;0.0
000012280;1.0;1.0;1.0;1.0
000012287;0.0;0.0;0.0;0.0
000012305;1.0;0.0;0.0;0.0
000012313;1.0;0.0;0.0;0.0
000012281;1.0;1.0;1.0;1.0
000012327;1.0;1.0;0.0;0.0
000012312;1.0;1.0;1.0;1.0
000012330;1.0;0.0;0.0;0.0
000012320;1.0;1.0;1.0;1.0
000012334;0.0;0.0;0.0;0.0
000012333;1.0;1.0;1.0;1.0
000012336;0.0;0.0;0.0;0.0
000012341;1.0;1.0;1.0;1.0
000012340;1.0;1.0;1.0;1.0
000012344;0.0;0.0;0.0;0.0
000012352;1.0;1.0;1.0;1.0
000012353;1.0;1.0;1.0;1.0
000012357;0.0;0.0;0.0;0.0
000012359;1.0;1.0;1.0;1.0
000012360;1.0;1.0;1.0;1.0
000012350;1.0;1.0;1.0;1.0
000012368;1.0;1.0;1.0;1.0
000012379;0.0;0.0;0.0;0.0
000012355;0.0;0.0;0.0;0.0
000012384;0.0;0.0;0.0;0.0
000012388;0.0;0.0;0.0;0.0
000012390;0.0;0.0;0.0;0.0
000012396;1.0;1.0;1.0;1.0
000012398;0.0;0.0;0.0;0.0
000012412;1.0;1.0;1.0;1.0
000012414;1.0;1.0;1.0;1.0
000012415;0.0;0.0;0.0;0.0
000012413;1.0;1.0;1.0;1.0
000012438;1.0;1.0;1.0;1.0
000012445;1.0;1.0;1.0;1.0
000012450;0.0;0.0;0.0;0.0
000012449;0.0;0.0;0.0;0.0
000012407;0.0;0.0;0.0;0.0
000012432;1.0;1.0;1.0;1.0
000012456;1.0;1.0;1.0;1.0
000012462;1.0;1.0;1.0;1.0
000012467;0.0;0.0;0.0;0.0
000012469;0.0;0.0;0.0;0.0
000012473;1.0;1.0;1.0;1.0
000012474;0.0;0.0;0.0;0.0
000012478;1.0;1.0;1.0;1.0
000012480;1.0;1.0;1.0;1.0
000012479;1.0;1.0;1.0;1.0
000012485;0.0;0.0;0.0;0.0
000012495;0.0;0.0;0.0;0.0
000012504;1.0;1.0;1.0;1.0
000012511;0.0;0.0;0.0;0.0
000012516;1.0;1.0;1.0;1.0
000012519;1.0;1.0;1.0;1.0
000012523;1.0;0.0;0.0;0.0
000012527;0.0;0.0;0.0;0.0
000012530;0.0;0.0;0.0;0.0
000012541;0.0;0.0;0.0;0.0
000012545;1.0;1.0;1.0;1.0
000012540;1.0;0.0;0.0;0.0
000012547;1.0;1.0;1.0;1.0
000012546;1.0;1.0;1.0;1.0
000012550;1.0;1.0;1.0;1.0
000012554;0.0;0.0;0.0;0.0
000012553;1.0;1.0;1.0;1.0
000012557;1.0;0.0;0.0;0.0
000012531;1.0;1.0;1.0;1.0
000012578;1.0;1.0;1.0;1.0
000012579;0.0;0.0;0.0;0.0
000012584;0.0;0.0;0.0;0.0
000012586;1.0;1.0;1.0;1.0
000012590;1.0;1.0;1.0;1.0
000012617;1.0;1.0;1.0;1.0
000012626;1.0;1.0;1.0;1.0
000012649;0.0;0.0;0.0;0.0
000012661;0.0;0.0;0.0;0.0
000012665;1.0;1.0;1.0;1.0
000012667;0.0;0.0;0.0;0.0
000012677;1.0;1.0;1.0;1.0
000012686;1.0;1.0;1.0;1.0
000012691;1.0;1.0;1.0;1.0
000012697;1.0;1.0;1.0;1.0
000012699;0.0;0.0;0.0;0.0
000012230;0.0;0.0;0.0;0.0
000012710;1.0;1.0;1.0;1.0
000012716;1.0;1.0;1.0;1.0
000012717;0.0;0.0;0.0;0.0
000012720;1.0;1.0;1.0;1.0
000012722;1.0;1.0;1.0;1.0
000012673;1.0;1.0;1.0;1.0
000012606;0.0;0.0;0.0;0.0
000012658;0.0;0.0;0.0;0.0
000012682;1.0;1.0;1.0;1.0
000012732;1.0;1.0;1.0;1.0
000012733;0.0;0.0;0.0;0.0
000012739;1.0;1.0;1.0;1.0
000012741;1.0;1.0;1.0;1.0
000012742;0.0;0.0;0.0;0.0
000012752;1.0;0.0;0.0;0.0
000012755;1.0;0.0;0.0;0.0
000012301;0.0;0.0;0.0;0.0
000012756;1.0;1.0;1.0;1.0
000012757;1.0;1.0;1.0;1.0
000012760;1.0;0.0;0.0;0.0
000012766;1.0;1.0;1.0;1.0
000012750;0.0;0.0;0.0;0.0
000012769;1.0;1.0;1.0;1.0
000012773;0.0;0.0;0.0;0.0
000012776;1.0;0.0;0.0;0.0
000012782;0.0;0.0;0.0;0.0
000012794;0.0;0.0;0.0;0.0
000012800;1.0;1.0;1.0;1.0
000012801;1.0;1.0;1.0;1.0
000012807;1.0;1.0;1.0;1.0
000012808;1.0;1.0;1.0;1.0
000012810;0.0;0.0;0.0;0.0
000012816;1.0;1.0;1.0;1.0
000012639;1.0;0.0;0.0;0.0
000012659;0.0;0.0;0.0;0.0
000012815;1.0;0.0;0.0;0.0
000012825;1.0;1.0;1.0;1.0
000012486;0.0;0.0;0.0;0.0
000012827;1.0;1.0;1.0;1.0
000012828;0.0;0.0;0.0;0.0
000012833;1.0;1.0;1.0;1.0
000012842;1.0;1.0;1.0;1.0
000012847;1.0;1.0;1.0;1.0
000012850;1.0;1.0;1.0;1.0
000012855;1.0;1.0;1.0;1.0
000012857;1.0;1.0;1.0;1.0
000012865;0.0;0.0;0.0;0.0
000012881;1.0;1.0;1.0;1.0
000012899;0.0;0.0;0.0;0.0
000012900;1.0;1.0;1.0;1.0
000012904;1.0;0.0;0.0;0.0
000012907;1.0;1.0;1.0;1.0
000012913;1.0;1.0;1.0;1.0
000012915;0.0;0.0;0.0;0.0
000012933;0.0;0.0;0.0;0.0
000012935;0.0;0.0;0.0;0.0
000012939;1.0;1.0;1.0;1.0
000012940;1.0;1.0;1.0;1.0
000012967;0.0;0.0;0.0;0.0
000012979;1.0;1.0;1.0;1.0
000012922;1.0;1.0;1.0;1.0
000012867;1.0;1.0;1.0;1.0
000012888;0.0;0.0;0.0;0.0
000012988;1.0;1.0;1.0;1.0
000012938;0.0;0.0;0.0;0.0
000012998;0.0;0.0;0.0;0.0
000012932;1.0;0.0;0.0;0.0
000013015;1.0;1.0;1.0;1.0
000013020;1.0;1.0;1.0;1.0
000013026;1.0;1.0;1.0;1.0
000012972;0.0;0.0;0.0;0.0
000013023;0.0;0.0;0.0;0.0
000013031;1.0;1.0;1.0;1.0
000013035;0.0;0.0;0.0;0.0
000013052;1.0;1.0;1.0;1.0
000013046;1.0;1.0;1.0;1.0
000013054;0.0;0.0;0.0;0.0
000013045;1.0;1.0;1.0;1.0
000013008;1.0;1.0;1.0;1.0
000013061;0.0;0.0;0.0;0.0
000013087;1.0;1.0;1.0;1.0
000013091;1.0;1.0;1.0;1.0
000013107;1.0;1.0;1.0;1.0
000013111;0.0;0.0;0.0;0.0
000013103;0.0;0.0;0.0;0.0
000013113;1.0;1.0;1.0;1.0
000013094;1.0;1.0;1.0;1.0
000013157;0.0;0.0;0.0;0.0
000013156;1.0;1.0;1.0;1.0
000013151;1.0;1.0;1.0;1.0
000013147;1.0;0.0;0.0;0.0
000013145;1.0;1.0;1.0;1.0
000013169;1.0;1.0;1.0;1.0
000013167;1.0;1.0;0.0;0.0
000013140;1.0;1.0;1.0;1.0
000013164;1.0;1.0;1.0;1.0
000013176;1.0;1.0;1.0;1.0
000013165;1.0;1.0;1.0;1.0
000013183;1.0;1.0;1.0;1.0
000013186;1.0;1.0;1.0;1.0
000013207;0.0;0.0;0.0;0.0
000013212;1.0;0.0;0.0;0.0
000013249;0.0;0.0;0.0;0.0
000013252;1.0;1.0;1.0;1.0
000013259;1.0;1.0;1.0;1.0
000013270;1.0;1.0;1.0;1.0
000013277;1.0;1.0;1.0;0.0
000013258;1.0;1.0;1.0;1.0
000013202;1.0;1.0;1.0;1.0
000013281;1.0;1.0;1.0;1.0
000013298;1.0;1.0;1.0;1.0
000013304;0.0;0.0;0.0;0.0
000013324;1.0;0.0;0.0;0.0
000013349;0.0;0.0;0.0;0.0
000013339;1.0;1.0;1.0;1.0
000013367;1.0;1.0;1.0;0.0
000013369;1.0;1.0;1.0;1.0
000013355;1.0;0.0;0.0;0.0
000013384;1.0;1.0;1.0;1.0
000013386;1.0;1.0;1.0;1.0
000013441;1.0;0.0;0.0;0.0
000013439;1.0;1.0;1.0;1.0
000013342;0.0;0.0;0.0;0.0
000013467;0.0;0.0;0.0;0.0
000013455;1.0;1.0;1.0;1.0
000013460;1.0;1.0;1.0;1.0
000013452;1.0;1.0;1.0;1.0
000013419;1.0;1.0;1.0;1.0
000013247;1.0;1.0;1.0;1.0
000013415;1.0;1.0;1.0;1.0
000013445;1.0;0.0;0.0;0.0
000013487;0.0;0.0;0.0;0.0
000013520;1.0;1.0;1.0;1.0
000013489;1.0;1.0;1.0;1.0
000013423;1.0;1.0;1.0;1.0
000013500;0.0;0.0;0.0;0.0
000013527;1.0;1.0;1.0;1.0
000013475;0.0;0.0;0.0;0.0
000013545;1.0;1.0;1.0;1.0
000013557;1.0;1.0;1.0;1.0
000013564;1.0;1.0;1.0;1.0
000013551;1.0;1.0;1.0;1.0
000013585;1.0;0.0;0.0;0.0
000013588;1.0;0.0;0.0;0.0
000013589;1.0;1.0;1.0;1.0
000013594;1.0;1.0;1.0;1.0
000013614;1.0;0.0;0.0;0.0
000013616;1.0;1.0;1.0;1.0
000013622;0.0;0.0;0.0;0.0
000013629;0.0;0.0;0.0;0.0
000013628;1.0;1.0;1.0;1.0
000013638;1.0;1.0;1.0;1.0
000013653;1.0;1.0;1.0;1.0
000013664;0.0;0.0;0.0;0.0
000013673;1.0;1.0;1.0;1.0
000013684;0.0;0.0;0.0;0.0
000013687;0.0;0.0;0.0;0.0
000013688;1.0;0.0;0.0;0.0
000013692;0.0;0.0;0.0;0.0
000013695;1.0;1.0;1.0;1.0
000013699;1.0;0.0;0.0;0.0
000013703;0.0;0.0;0.0;0.0
000013709;1.0;1.0;1.0;1.0
000013712;0.0;0.0;0.0;0.0
000013471;0.0;0.0;0.0;0.0
000013723;1.0;1.0;0.0;0.0
000013736;1.0;1.0;1.0;1.0
000013740;0.0;0.0;0.0;0.0
000013741;0.0;0.0;0.0;0.0
000013743;0.0;0.0;0.0;0.0
000013746;1.0;1.0;1.0;1.0
000013756;1.0;1.0;1.0;1.0
000013763;1.0;1.0;1.0;1.0
000013764;0.0;0.0;0.0;0.0
000013758;1.0;1.0;1.0;1.0
000013748;1.0;1.0;1.0;1.0
000013768;0.0;0.0;0.0;0.0
000013744;1.0;1.0;1.0;1.0
000013734;1.0;1.0;1.0;1.0
000013745;1.0;1.0;1.0;1.0
000013773;1.0;1.0;1.0;1.0
000013779;1.0;1.0;1.0;1.0
000013776;1.0;1.0;1.0;1.0
000013781;0.0;0.0;0.0;0.0
000013789;1.0;1.0;1.0;1.0
000013793;1.0;1.0;1.0;1.0
000013799;1.0;1.0;1.0;1.0
000013801;0.0;0.0;0.0;0.0
000013810;1.0;1.0;1.0;1.0
000013815;1.0;1.0;1.0;1.0
000013817;1.0;1.0;1.0;1.0
000013822;1.0;1.0;1.0;1.0
000013826;1.0;1.0;1.0;1.0
000013820;1.0;1.0;1.0;1.0
000013802;0.0;0.0;0.0;0.0
000013827;0.0;0.0;0.0;0.0
000013833;0.0;0.0;0.0;0.0
000013837;1.0;1.0;1.0;1.0
000013842;1.0;1.0;1.0;1.0
000013819;1.0;0.0;0.0;0.0
000013849;1.0;1.0;1.0;1.0
000013856;0.0;0.0;0.0;0.0
000013871;1.0;0.0;0.0;0.0
000013877;1.0;0.0;0.0;0.0
000013884;0.0;0.0;0.0;0.0
000013890;1.0;1.0;1.0;1.0
000013914;1.0;1.0;1.0;1.0
000013912;1.0;1.0;1.0;1.0
000013893;0.0;0.0;0.0;0.0
000013909;1.0;1.0;1.0;1.0
000013919;1.0;1.0;1.0;1.0
000013897;1.0;0.0;0.0;0.0
000013906;0.0;0.0;0.0;0.0
000013937;1.0;1.0;1.0;1.0
000013942;1.0;1.0;1.0;1.0
000013956;1.0;1.0;1.0;1.0
000013962;0.0;0.0;0.0;0.0
000013961;1.0;1.0;1.0;1.0
000013955;1.0;1.0;1.0;1.0
000013963;1.0;1.0;1.0;1.0
000013983;1.0;1.0;1.0;1.0
000013984;1.0;1.0;1.0;1.0
000013985;1.0;1.0;1.0;1.0
000013997;0.0;0.0;0.0;0.0
000014003;0.0;0.0;0.0;0.0
000014018;0.0;0.0;0.0;0.0
000013986;1.0;1.0;1.0;1.0
000014044;1.0;0.0;0.0;0.0
000014048;0.0;0.0;0.0;0.0
000014050;1.0;1.0;1.0;1.0
000014053;0.0;0.0;0.0;0.0
000014055;0.0;0.0;0.0;0.0
000014028;0.0;0.0;0.0;0.0
000014066;0.0;0.0;0.0;0.0
000014072;0.0;0.0;0.0;0.0
000014079;0.0;0.0;0.0;0.0
000014087;1.0;1.0;1.0;1.0
000014080;0.0;0.0;0.0;0.0
000014082;0.0;0.0;0.0;0.0
000014041;1.0;1.0;1.0;1.0
000014031;0.0;0.0;0.0;0.0
000014122;0.0;0.0;0.0;0.0
000014124;1.0;1.0;1.0;1.0
000014111;1.0;1.0;1.0;1.0
000014099;1.0;1.0;1.0;1.0
000014127;1.0;1.0;1.0;1.0
000014130;1.0;1.0;1.0;1.0
000014128;1.0;1.0;1.0;1.0
000014125;0.0;0.0;0.0;0.0
000014054;1.0;1.0;1.0;1.0
000014081;0.0;0.0;0.0;0.0
000014114;1.0;1.0;1.0;1.0
000014102;1.0;1.0;1.0;1.0
000014136;1.0;1.0;1.0;1.0
000014139;1.0;1.0;1.0;1.0
000014133;1.0;1.0;1.0;1.0
000014149;1.0;1.0;1.0;1.0
000014159;0.0;0.0;0.0;0.0
000014160;1.0;1.0;1.0;1.0
000014172;1.0;1.0;1.0;1.0
000014157;0.0;0.0;0.0;0.0
000014180;0.0;0.0;0.0;0.0
000014181;0.0;0.0;0.0;0.0
000014193;1.0;1.0;1.0;1.0
000014196;1.0;1.0;1.0;1.0
000014206;1.0;1.0;1.0;1.0
000014229;0.0;0.0;0.0;0.0
000014230;1.0;1.0;1.0;1.0
000014231;1.0;1.0;1.0;1.0
000014234;1.0;1.0;1.0;1.0
000014195;0.0;0.0;0.0;0.0
000014237;1.0;1.0;1.0;1.0
000014239;1.0;1.0;1.0;1.0
000014248;1.0;0.0;0.0;0.0
000014249;1.0;1.0;1.0;1.0
000014244;1.0;0.0;0.0;0.0
000014246;1.0;0.0;0.0;0.0
000014254;0.0;0.0;0.0;0.0
000014258;1.0;1.0;1.0;1.0
000014270;1.0;0.0;0.0;0.0
000014273;1.0;1.0;1.0;1.0
000014272;0.0;0.0;0.0;0.0
000014276;1.0;1.0;1.0;1.0
000014285;1.0;1.0;1.0;1.0
000014039;1.0;1.0;1.0;1.0
000014299;1.0;1.0;1.0;1.0
000014301;0.0;0.0;0.0;0.0
000014311;0.0;0.0;0.0;0.0
000014327;0.0;0.0;0.0;0.0
000014330;0.0;0.0;0.0;0.0
000014331;1.0;1.0;0.0;0.0
000014333;0.0;0.0;0.0;0.0
000014346;1.0;1.0;1.0;1.0
000014351;0.0;0.0;0.0;0.0
000014323;1.0;1.0;1.0;1.0
000014361;1.0;1.0;1.0;1.0
000014365;1.0;1.0;0.0;0.0
000014371;1.0;1.0;1.0;1.0
000014338;0.0;0.0;0.0;0.0
000014392;1.0;1.0;0.0;0.0
000014394;0.0;0.0;0.0;0.0
000014373;1.0;1.0;1.0;1.0
000014398;0.0;0.0;0.0;0.0
000014377;0.0;0.0;0.0;0.0
000014383;1.0;1.0;1.0;1.0
000014399;1.0;0.0;0.0;0.0
000014366;0.0;0.0;0.0;0.0
000014420;1.0;1.0;1.0;1.0
000013905;0.0;0.0;0.0;0.0
000014410;1.0;1.0;1.0;1.0
000014385;1.0;1.0;1.0;1.0
000014427;1.0;1.0;1.0;1.0
000014432;1.0;1.0;1.0;1.0
000014436;1.0;1.0;1.0;1.0
000014440;1.0;0.0;0.0;0.0
000014439;0.0;0.0;0.0;0.0
000014449;1.0;1.0;1.0;1.0
000014455;1.0;0.0;0.0;0.0
000014444;1.0;1.0;1.0;1.0
000014459;1.0;1.0;1.0;1.0
000014471;1.0;1.0;1.0;0.0
000014473;0.0;0.0;0.0;0.0
000014475;1.0;1.0;1.0;1.0
000014465;0.0;0.0;0.0;0.0
000014500;1.0;1.0;1.0;1.0
000014503;1.0;1.0;1.0;1.0
000014510;0.0;0.0;0.0;0.0
000014511;1.0;1.0;1.0;1.0
000014520;1.0;1.0;1.0;1.0
000014522;1.0;1.0;1.0;1.0
000014538;0.0;0.0;0.0;0.0
000014552;1.0;1.0;1.0;1.0
000014561;0.0;0.0;0.0;0.0
000014215;1.0;1.0;1.0;1.0
000014567;0.0;0.0;0.0;0.0
000014568;1.0;1.0;1.0;1.0
000014566;1.0;1.0;1.0;1.0
000014572;1.0;1.0;1.0;0.0
000014576;1.0;1.0;1.0;1.0
000014583;1.0;1.0;1.0;1.0
000014582;0.0;0.0;0.0;0.0
000014590;0.0;0.0;0.0;0.0
000014587;0.0;0.0;0.0;0.0
000014592;1.0;1.0;1.0;1.0
000014598;1.0;1.0;1.0;1.0
000014599;1.0;1.0;1.0;1.0
000014606;1.0;1.0;1.0;1.0
000014605;0.0;0.0;0.0;0.0
000014608;1.0;0.0;0.0;0.0
000014609;1.0;1.0;1.0;1.0
000014616;1.0;0.0;0.0;0.0
000014620;1.0;1.0;1.0;1.0
000014633;1.0;0.0;0.0;0.0
000014642;0.0;0.0;0.0;0.0
000014645;1.0;0.0;0.0;0.0
000014648;0.0;0.0;0.0;0.0
000014653;1.0;1.0;1.0;1.0
000014657;0.0;0.0;0.0;0.0
000014672;0.0;0.0;0.0;0.0
000014671;1.0;1.0;1.0;1.0
000014680;1.0;1.0;1.0;1.0
000014682;1.0;1.0;1.0;1.0
000014695;0.0;0.0;0.0;0.0
000014692;1.0;0.0;0.0;0.0
000014694;0.0;0.0;0.0;0.0
000014696;1.0;1.0;1.0;1.0
000014697;0.0;0.0;0.0;0.0
000014699;1.0;1.0;1.0;1.0
000014701;0.0;0.0;0.0;0.0
000014733;1.0;0.0;0.0;0.0
000014735;1.0;1.0;1.0;1.0
000014736;1.0;1.0;1.0;1.0
000014753;1.0;1.0;1.0;1.0
000014755;1.0;1.0;1.0;1.0
000014767;0.0;0.0;0.0;0.0
000014769;1.0;1.0;1.0;1.0
000014674;1.0;1.0;1.0;1.0
000014771;0.0;0.0;0.0;0.0
000014775;1.0;1.0;1.0;1.0
000014776;1.0;1.0;1.0;1.0
000014788;1.0;1.0;1.0;1.0
000014792;1.0;1.0;1.0;1.0
000014726;1.0;1.0;1.0;1.0
000014781;1.0;0.0;0.0;0.0
000014796;1.0;1.0;1.0;1.0
000014794;1.0;1.0;1.0;1.0
000014800;0.0;0.0;0.0;0.0
000014839;1.0;1.0;1.0;1.0
000014841;1.0;1.0;1.0;1.0
000014849;1.0;1.0;1.0;1.0
000014844;1.0;1.0;1.0;0.0
000014851;1.0;1.0;1.0;1.0
000014863;1.0;1.0;1.0;1.0
000014870;0.0;0.0;0.0;0.0
000014866;1.0;1.0;0.0;0.0
000014873;1.0;1.0;0.0;0.0
000014882;0.0;0.0;0.0;0.0
000014883;0.0;0.0;0.0;0.0
000014889;0.0;0.0;0.0;0.0
000014896;0.0;0.0;0.0;0.0
000014891;1.0;1.0;1.0;1.0
000014898;0.0;0.0;0.0;0.0
000014905;1.0;1.0;1.0;1.0
000014907;0.0;0.0;0.0;0.0
000014920;1.0;1.0;1.0;1.0
000014926;0.0;0.0;0.0;0.0
000014927;0.0;0.0;0.0;0.0
000014999;1.0;1.0;1.0;1.0
000014997;1.0;1.0;1.0;1.0
000015005;1.0;1.0;1.0;1.0
000015009;1.0;1.0;1.0;1.0
000015015;1.0;0.0;0.0;0.0
000015029;1.0;1.0;1.0;1.0
000014938;1.0;1.0;1.0;1.0
000014943;0.0;0.0;0.0;0.0
000014942;1.0;1.0;1.0;1.0
000014947;0.0;0.0;0.0;0.0
000014945;0.0;0.0;0.0;0.0
000014952;1.0;1.0;1.0;1.0
000014953;0.0;0.0;0.0;0.0
000014668;0.0;0.0;0.0;0.0
000014969;1.0;1.0;1.0;1.0
000014980;1.0;1.0;1.0;1.0
000014991;0.0;0.0;0.0;0.0
000014995;1.0;1.0;1.0;1.0
000014970;1.0;1.0;1.0;1.0
000014967;1.0;1.0;1.0;1.0
000015006;1.0;1.0;1.0;1.0
000015049;1.0;1.0;1.0;1.0
000015060;0.0;0.0;0.0;0.0
000015074;1.0;1.0;1.0;1.0
000015075;1.0;0.0;0.0;0.0
000015084;1.0;1.0;1.0;1.0
000015116;1.0;1.0;1.0;1.0
000015121;1.0;0.0;0.0;0.0
000015130;0.0;0.0;0.0;0.0
000015128;0.0;0.0;0.0;0.0
000015139;1.0;1.0;1.0;1.0
000015158;0.0;0.0;0.0;0.0
000015160;0.0;0.0;0.0;0.0
000015150;0.0;0.0;0.0;0.0
000015168;0.0;0.0;0.0;0.0
000015172;0.0;0.0;0.0;0.0
000015169;1.0;1.0;1.0;1.0
000015171;0.0;0.0;0.0;0.0
000015174;1.0;1.0;1.0;1.0
000015177;0.0;0.0;0.0;0.0
000015198;0.0;0.0;0.0;0.0
000015218;0.0;0.0;0.0;0.0
000015189;1.0;0.0;0.0;0.0
000015238;0.0;0.0;0.0;0.0
000015245;1.0;1.0;1.0;1.0
000015204;1.0;1.0;1.0;0.0
000015155;0.0;0.0;0.0;0.0
000015252;1.0;1.0;1.0;1.0
000015233;1.0;1.0;1.0;1.0
000015256;1.0;0.0;0.0;0.0
000015265;0.0;0.0;0.0;0.0
000015269;1.0;1.0;1.0;1.0
000015270;1.0;1.0;1.0;1.0
000015263;1.0;1.0;1.0;1.0
000015271;0.0;0.0;0.0;0.0
000015280;1.0;1.0;1.0;1.0
000015286;0.0;0.0;0.0;0.0
000015300;1.0;0.0;0.0;0.0
000015302;1.0;1.0;1.0;0.0
000015100;1.0;1.0;1.0;1.0
000015312;0.0;0.0;0.0;0.0
000015319;1.0;1.0;1.0;1.0
000015323;0.0;0.0;0.0;0.0
000015324;1.0;1.0;1.0;1.0
000015297;0.0;0.0;0.0;0.0
000015332;1.0;1.0;1.0;1.0
000015288;1.0;1.0;1.0;1.0
000015339;0.0;0.0;0.0;0.0
000015328;0.0;0.0;0.0;0.0
000015367;1.0;1.0;1.0;1.0
000015365;0.0;0.0;0.0;0.0
000015359;1.0;1.0;1.0;1.0
000015373;1.0;1.0;1.0;1.0
000015390;1.0;1.0;1.0;1.0
000015378;1.0;1.0;1.0;1.0
000015389;1.0;1.0;1.0;1.0
000015405;1.0;1.0;1.0;1.0
000015388;1.0;1.0;1.0;1.0
000015409;1.0;1.0;1.0;1.0
000015421;1.0;1.0;1.0;1.0
000015430;0.0;0.0;0.0;0.0
000015376;1.0;1.0;1.0;1.0
000015442;0.0;0.0;0.0;0.0
000015434;1.0;1.0;1.0;1.0
000015449;1.0;1.0;1.0;1.0
000015435;1.0;1.0;1.0;1.0
000015458;1.0;0.0;0.0;0.0
000015460;1.0;1.0;1.0;1.0
000015474;1.0;1.0;1.0;1.0
000015487;1.0;1.0;1.0;1.0
000015357;1.0;1.0;1.0;1.0
000015491;1.0;1.0;1.0;1.0
000015497;1.0;1.0;1.0;1.0
000015506;1.0;1.0;1.0;1.0
000015484;1.0;1.0;1.0;1.0
000015515;1.0;1.0;1.0;1.0
000015518;1.0;1.0;1.0;1.0
000015507;1.0;1.0;1.0;1.0
000015526;1.0;1.0;1.0;0.0
000015531;1.0;1.0;1.0;1.0
000015478;0.0;0.0;0.0;0.0
000015538;0.0;0.0;0.0;0.0
000015315;1.0;1.0;1.0;1.0
000015542;0.0;0.0;0.0;0.0
000015543;0.0;0.0;0.0;0.0
000015467;1.0;1.0;1.0;1.0
000015508;1.0;1.0;1.0;1.0
000015571;0.0;0.0;0.0;0.0
000015600;1.0;1.0;1.0;1.0
000015602;1.0;1.0;1.0;1.0
000015551;0.0;0.0;0.0;0.0
000015584;1.0;1.0;1.0;1.0
000015595;0.0;0.0;0.0;0.0
000015616;1.0;1.0;1.0;1.0
000015621;1.0;1.0;1.0;1.0
000015620;1.0;1.0;1.0;1.0
000015576;0.0;0.0;0.0;0.0
000015631;0.0;0.0;0.0;0.0
000015637;1.0;1.0;1.0;1.0
000015633;1.0;1.0;1.0;1.0
000015657;1.0;1.0;1.0;1.0
000015555;0.0;0.0;0.0;0.0
000015676;1.0;0.0;0.0;0.0
000015675;1.0;1.0;0.0;0.0
000015678;1.0;1.0;1.0;1.0
000015693;1.0;1.0;1.0;1.0
000015697;1.0;1.0;1.0;1.0
000015727;1.0;1.0;1.0;1.0
000015717;1.0;1.0;1.0;1.0
000015748;1.0;1.0;1.0;1.0
000015768;0.0;0.0;0.0;0.0
000015780;0.0;0.0;0.0;0.0
000015804;1.0;1.0;1.0;1.0
000015775;1.0;1.0;1.0;1.0
000015831;1.0;1.0;1.0;1.0
000015821;0.0;0.0;0.0;0.0
000015879;1.0;1.0;1.0;1.0
000015894;0.0;0.0;0.0;0.0
000015862;0.0;0.0;0.0;0.0
000015868;1.0;1.0;1.0;1.0
000015901;0.0;0.0;0.0;0.0
000015904;1.0;1.0;1.0;1.0
000015861;0.0;0.0;0.0;0.0
000015872;1.0;1.0;1.0;1.0
000015914;0.0;0.0;0.0;0.0
000015947;1.0;1.0;1.0;1.0
000015943;1.0;1.0;1.0;1.0
000015946;0.0;0.0;0.0;0.0
000015961;1.0;0.0;0.0;0.0
000015906;0.0;0.0;0.0;0.0
000015984;0.0;0.0;0.0;0.0
000015986;1.0;0.0;0.0;0.0
000016044;0.0;0.0;0.0;0.0
000015936;0.0;0.0;0.0;0.0
000016099;1.0;1.0;1.0;1.0
000016101;1.0;1.0;1.0;1.0
000016095;1.0;1.0;1.0;1.0
000016102;0.0;0.0;0.0;0.0
000016114;1.0;0.0;0.0;0.0
000016122;1.0;0.0;0.0;0.0
000016125;1.0;1.0;1.0;1.0
000016132;1.0;0.0;0.0;0.0
000016136;1.0;1.0;1.0;1.0
000016137;1.0;1.0;1.0;1.0
000016143;1.0;1.0;1.0;
000016145;1.0;1.0;1.0;
000016147;1.0;1.0;1.0;
000016149;1.0;1.0;1.0;
000016148;1.0;0.0;0.0;
000016151;1.0;1.0;1.0;
000016158;1.0;1.0;1.0;
000016160;1.0;1.0;1.0;
000016172;0.0;0.0;0.0;
000016177;0.0;0.0;0.0;
000016183;1.0;1.0;1.0;
000016195;1.0;1.0;1.0;
000016199;1.0;0.0;0.0;
000016141;1.0;1.0;1.0;
000016161;1.0;1.0;1.0;
000016168;0.0;0.0;0.0;
000016203;1.0;1.0;1.0;
000016187;0.0;0.0;0.0;
000016135;1.0;1.0;1.0;1.0
000016169;1.0;1.0;1.0;
000016178;1.0;1.0;1.0;
000016213;1.0;1.0;1.0;
000016216;1.0;0.0;0.0;
000016218;1.0;1.0;1.0;
000016222;1.0;1.0;1.0;
000016259;1.0;1.0;1.0;
000016266;0.0;0.0;0.0;
000016267;0.0;0.0;0.0;
000016272;0.0;0.0;0.0;
000016276;1.0;1.0;1.0;
000016277;0.0;0.0;0.0;
000016275;1.0;1.0;1.0;
000016280;1.0;1.0;1.0;
000016282;0.0;0.0;0.0;
000016285;0.0;0.0;0.0;
000016297;1.0;1.0;1.0;
000016292;1.0;1.0;1.0;
000016302;0.0;0.0;0.0;
000016306;1.0;1.0;1.0;
000016319;1.0;1.0;1.0;
000016315;1.0;1.0;1.0;
000016323;1.0;1.0;1.0;
000016326;1.0;1.0;1.0;
000016305;1.0;1.0;1.0;
000016321;1.0;1.0;1.0;
000016329;1.0;1.0;1.0;
000016337;1.0;1.0;1.0;
000016336;1.0;1.0;1.0;
000016248;1.0;1.0;1.0;
000016355;1.0;1.0;1.0;
000016358;0.0;0.0;0.0;
000016366;1.0;1.0;1.0;
000016376;1.0;1.0;1.0;
000016371;1.0;1.0;1.0;
000016386;1.0;1.0;1.0;
000016394;1.0;1.0;1.0;
000016399;1.0;1.0;1.0;
000016405;1.0;1.0;1.0;
000016412;0.0;0.0;0.0;
000016443;0.0;0.0;0.0;
000016447;1.0;1.0;1.0;
000016475;1.0;1.0;1.0;
000016473;0.0;0.0;0.0;
000016489;1.0;1.0;1.0;
000016211;0.0;0.0;0.0;
000016501;0.0;0.0;0.0;
000016502;1.0;1.0;1.0;
000016504;1.0;0.0;0.0;
000016503;0.0;0.0;0.0;
000016516;1.0;1.0;1.0;
000016521;1.0;1.0;1.0;
000016527;1.0;0.0;0.0;
000016534;1.0;1.0;1.0;
000016544;0.0;0.0;0.0;
000016553;1.0;1.0;1.0;
000016556;0.0;0.0;0.0;
000016564;1.0;0.0;0.0;
000016574;1.0;1.0;1.0;
000016581;1.0;1.0;1.0;
000016584;0.0;0.0;0.0;
000016588;1.0;1.0;1.0;
000016585;1.0;1.0;1.0;
000016589;1.0;1.0;1.0;
000016582;0.0;0.0;0.0;
000016596;1.0;1.0;1.0;
000016599;0.0;0.0;0.0;
000016601;0.0;0.0;0.0;
000016609;0.0;0.0;0.0;
000016615;0.0;0.0;0.0;
000016619;1.0;1.0;1.0;
000016629;0.0;0.0;0.0;
000016633;0.0;0.0;0.0;
000016637;0.0;0.0;0.0;
000016639;0.0;0.0;0.0;
000016645;1.0;1.0;1.0;
000016654;0.0;0.0;0.0;
000016663;1.0;1.0;1.0;
000016659;1.0;1.0;1.0;
000016667;0.0;0.0;0.0;
000016674;0.0;0.0;0.0;
000016688;1.0;1.0;1.0;
000016692;1.0;1.0;1.0;
000016694;1.0;1.0;1.0;
000016699;1.0;1.0;1.0;
000016707;1.0;1.0;1.0;
000016712;1.0;1.0;1.0;
000016713;1.0;1.0;1.0;
000016730;0.0;0.0;0.0;
000016647;0.0;0.0;0.0;
000016711;0.0;0.0;0.0;
000016735;1.0;1.0;1.0;
000016737;0.0;0.0;0.0;
000016742;1.0;1.0;1.0;
000016662;1.0;1.0;1.0;
000016741;1.0;1.0;0.0;
000016636;0.0;0.0;0.0;
000016731;1.0;0.0;0.0;
000016781;0.0;0.0;0.0;
000016802;1.0;1.0;1.0;
000016790;0.0;0.0;0.0;
000016823;1.0;1.0;1.0;
000016837;1.0;1.0;1.0;
000016838;1.0;1.0;1.0;
000016842;0.0;0.0;0.0;
000016845;0.0;0.0;0.0;
000016826;1.0;1.0;1.0;
000016817;0.0;0.0;0.0;
000016851;0.0;0.0;0.0;
000016856;0.0;0.0;0.0;
000016555;1.0;1.0;1.0;
000016865;1.0;1.0;1.0;
000016867;1.0;1.0;0.0;
000016870;0.0;0.0;0.0;
000016866;1.0;1.0;1.0;
000016876;1.0;1.0;1.0;
000016900;0.0;0.0;0.0;
000016908;0.0;0.0;0.0;
000016907;1.0;1.0;1.0;
000016919;0.0;0.0;0.0;
000016922;1.0;0.0;0.0;
000016927;1.0;0.0;0.0;
000016935;1.0;1.0;1.0;
000016940;0.0;0.0;0.0;
000016952;1.0;1.0;1.0;
000016954;1.0;1.0;1.0;
000016956;0.0;0.0;0.0;
000016961;0.0;0.0;0.0;
000016964;1.0;1.0;1.0;
000016968;1.0;1.0;1.0;
000016980;0.0;0.0;0.0;
000016998;0.0;0.0;0.0;
000016920;1.0;1.0;1.0;
000017004;1.0;1.0;1.0;
000016991;0.0;0.0;0.0;
000016972;0.0;0.0;0.0;
000017011;1.0;1.0;1.0;
000017013;0.0;0.0;0.0;
000017018;1.0;1.0;1.0;
000017009;1.0;1.0;1.0;
000017027;1.0;1.0;1.0;
000017049;1.0;1.0;1.0;
000016982;1.0;0.0;0.0;
000017036;0.0;0.0;0.0;
000017058;0.0;0.0;0.0;
000017059;0.0;0.0;0.0;
000017062;1.0;1.0;1.0;
000017065;0.0;0.0;0.0;
000017070;1.0;1.0;1.0;
000017030;1.0;1.0;1.0;
000017088;1.0;1.0;1.0;
000017067;1.0;1.0;1.0;
000017097;1.0;1.0;1.0;
000017106;0.0;0.0;0.0;
000017115;0.0;0.0;0.0;
000017006;1.0;1.0;1.0;
000017128;1.0;1.0;1.0;
000016960;1.0;1.0;1.0;
000017131;1.0;1.0;1.0;
000017132;1.0;0.0;0.0;
000017143;0.0;0.0;0.0;
000017145;1.0;1.0;1.0;
000017151;0.0;0.0;0.0;
000017149;1.0;1.0;1.0;
000017156;1.0;1.0;1.0;
000017164;1.0;0.0;0.0;
000017147;0.0;0.0;0.0;
000017155;0.0;0.0;0.0;
000017166;0.0;0.0;0.0;
000016848;1.0;1.0;1.0;
000017112;1.0;1.0;1.0;
000017179;0.0;0.0;0.0;
000017182;1.0;1.0;1.0;
000017189;0.0;0.0;0.0;
000017195;1.0;1.0;1.0;
000017197;0.0;0.0;0.0;
000017200;1.0;1.0;1.0;
000017191;0.0;0.0;0.0;
000017207;1.0;1.0;1.0;
000017215;0.0;0.0;0.0;
000017221;1.0;0.0;0.0;
000017233;1.0;0.0;0.0;
000017243;0.0;0.0;0.0;
000017249;1.0;1.0;1.0;
000017266;1.0;1.0;1.0;
000017278;0.0;0.0;0.0;
000017279;1.0;1.0;1.0;
000017281;1.0;1.0;1.0;
000017292;1.0;1.0;1.0;
000017290;0.0;0.0;0.0;
000017296;1.0;1.0;1.0;
000017262;0.0;0.0;0.0;
000017298;1.0;1.0;1.0;
000017308;1.0;1.0;1.0;
000017322;1.0;1.0;1.0;
000017395;0.0;0.0;0.0;
000017344;1.0;1.0;1.0;
000017347;1.0;1.0;1.0;
000017386;1.0;1.0;1.0;
000017325;0.0;0.0;0.0;
000017383;1.0;1.0;1.0;
000017377;0.0;0.0;0.0;
000017394;0.0;0.0;0.0;
000017393;1.0;1.0;1.0;
000017406;1.0;1.0;1.0;
000017399;1.0;1.0;1.0;
000017423;0.0;0.0;0.0;
000017385;0.0;0.0;0.0;
000017451;1.0;1.0;1.0;
000017456;0.0;0.0;0.0;
000017445;1.0;0.0;0.0;
000017471;1.0;1.0;1.0;
000017475;1.0;1.0;1.0;
000017483;1.0;1.0;1.0;
000017494;0.0;0.0;0.0;
000017335;0.0;0.0;0.0;
000017461;0.0;0.0;0.0;
000017486;1.0;1.0;1.0;
000017504;0.0;0.0;0.0;
000017506;1.0;1.0;1.0;
000017510;1.0;1.0;1.0;
000017512;1.0;1.0;1.0;
000017527;1.0;0.0;0.0;
000017525;1.0;1.0;1.0;
000017529;0.0;0.0;0.0;
000017531;1.0;1.0;1.0;
000017546;1.0;1.0;1.0;
000017557;1.0;1.0;1.0;
000017549;1.0;1.0;1.0;
000017553;1.0;1.0;1.0;
000017578;1.0;1.0;1.0;
000017590;0.0;0.0;0.0;
000017591;1.0;0.0;0.0;
000017567;1.0;0.0;0.0;
000017565;1.0;1.0;1.0;
000017627;1.0;0.0;0.0;
000017707;0.0;0.0;0.0;
000017715;0.0;0.0;0.0;
000017718;1.0;1.0;1.0;
000017632;1.0;1.0;1.0;
000017700;0.0;0.0;0.0;
000017701;1.0;1.0;1.0;
000017721;0.0;0.0;0.0;
000017690;0.0;0.0;0.0;
000017724;0.0;0.0;0.0;
000017661;0.0;0.0;0.0;
000017680;0.0;0.0;0.0;
000017664;1.0;0.0;0.0;
000017743;0.0;0.0;0.0;
000017650;0.0;0.0;0.0;
000017655;0.0;0.0;0.0;
000017665;0.0;0.0;0.0;
000017702;1.0;1.0;1.0;
000017545;1.0;1.0;1.0;
000017767;1.0;1.0;1.0;
000017765;1.0;1.0;1.0;
000017781;1.0;1.0;1.0;
000017788;1.0;1.0;1.0;
000017793;0.0;0.0;0.0;
000017802;0.0;0.0;0.0;
000017805;0.0;0.0;0.0;
000017807;1.0;1.0;1.0;
000017812;0.0;0.0;0.0;
000017820;1.0;0.0;0.0;
000017694;0.0;0.0;0.0;
000017822;0.0;0.0;0.0;
000017790;0.0;0.0;0.0;
000017828;0.0;0.0;0.0;
000017832;1.0;1.0;1.0;
000017825;0.0;0.0;0.0;
000017837;1.0;1.0;1.0;
000017838;1.0;0.0;0.0;
000017839;1.0;1.0;1.0;
000017846;1.0;0.0;0.0;
000017872;0.0;0.0;0.0;
000017875;1.0;1.0;1.0;
000017855;0.0;0.0;0.0;
000017890;1.0;1.0;1.0;
000017883;1.0;0.0;0.0;
000017909;0.0;0.0;0.0;
000017913;1.0;1.0;1.0;
000017914;1.0;1.0;1.0;
000017934;0.0;0.0;0.0;
000017947;0.0;0.0;0.0;
000017566;0.0;0.0;0.0;
000017966;0.0;0.0;0.0;
000017932;1.0;1.0;1.0;
000017977;1.0;1.0;1.0;
000017950;0.0;0.0;0.0;
000017992;1.0;1.0;1.0;
000018000;0.0;0.0;0.0;
000017997;0.0;0.0;0.0;
000018002;1.0;1.0;1.0;
000018003;0.0;0.0;0.0;
000018060;1.0;1.0;1.0;
000018052;1.0;0.0;0.0;
000018081;1.0;0.0;0.0;
000018100;0.0;0.0;0.0;
000018103;0.0;0.0;0.0;
000018135;0.0;0.0;0.0;
000018159;0.0;0.0;0.0;
000018160;1.0;0.0;0.0;
000018163;0.0;0.0;0.0;
000018164;0.0;0.0;0.0;
000018176;1.0;1.0;1.0;
000018195;1.0;0.0;0.0;
000018202;1.0;1.0;1.0;
000018205;1.0;0.0;0.0;
000018210;1.0;1.0;1.0;
000018224;1.0;0.0;0.0;
000018218;0.0;0.0;0.0;
000018213;0.0;0.0;0.0;
000018234;0.0;0.0;0.0;
000018246;1.0;0.0;0.0;
000018265;0.0;0.0;0.0;
000018284;1.0;1.0;1.0;
000018323;0.0;0.0;0.0;
000018328;1.0;1.0;1.0;
000018383;1.0;1.0;1.0;
000018393;1.0;0.0;0.0;
000018404;1.0;1.0;1.0;
000018414;0.0;0.0;0.0;
000018416;1.0;0.0;0.0;
000018418;1.0;1.0;1.0;
000018424;0.0;0.0;0.0;
000018430;1.0;1.0;1.0;
000018444;1.0;1.0;1.0;
000018486;0.0;0.0;0.0;
000018521;1.0;0.0;0.0;
000018571;1.0;1.0;1.0;
000018576;0.0;0.0;0.0;
000018579;1.0;1.0;1.0;
000018573;1.0;1.0;1.0;
000018588;0.0;0.0;0.0;
000018626;0.0;0.0;0.0;
000018659;1.0;1.0;1.0;
000018669;1.0;1.0;1.0;
000018676;0.0;0.0;0.0;
000018677;0.0;0.0;0.0;
000018692;1.0;1.0;1.0;
000018710;1.0;1.0;1.0;
000018427;1.0;1.0;1.0;
000018720;1.0;1.0;1.0;
000018718;1.0;1.0;1.0;
000018382;1.0;1.0;1.0;
000018748;1.0;1.0;1.0;
000018770;0.0;0.0;0.0;
000018569;1.0;1.0;1.0;
000018804;1.0;0.0;0.0;
000018888;1.0;1.0;1.0;
000018904;1.0;1.0;1.0;
000018917;1.0;1.0;1.0;
000018918;1.0;1.0;1.0;
000018933;1.0;1.0;1.0;
000018903;1.0;1.0;1.0;
000018955;0.0;0.0;0.0;
000018963;1.0;0.0;0.0;
000018964;0.0;0.0;0.0;
000018995;1.0;1.0;1.0;
000019108;1.0;0.0;0.0;
000019195;0.0;0.0;0.0;
000019230;0.0;0.0;0.0;
000019223;1.0;1.0;0.0;
000019133;1.0;1.0;1.0;
000018991;1.0;0.0;0.0;
000019147;1.0;1.0;1.0;
000019152;1.0;0.0;0.0;
000019259;0.0;0.0;0.0;
000019272;1.0;0.0;0.0;
000019291;1.0;1.0;1.0;
000019313;0.0;0.0;0.0;
000019295;1.0;1.0;1.0;
000019311;1.0;1.0;1.0;
000019296;1.0;1.0;1.0;
000019333;1.0;0.0;0.0;
000019305;1.0;1.0;1.0;
000019338;1.0;1.0;1.0;
000019337;0.0;0.0;0.0;
000019360;1.0;1.0;1.0;
000019348;1.0;0.0;0.0;
000019400;0.0;0.0;0.0;
000019404;0.0;0.0;0.0;
000019409;0.0;0.0;0.0;
000019379;0.0;0.0;0.0;
000019421;1.0;1.0;1.0;
000019419;1.0;1.0;1.0;
000019445;0.0;0.0;0.0;
000019465;1.0;1.0;1.0;
000019470;1.0;1.0;1.0;
000019481;1.0;1.0;1.0;
000019482;1.0;1.0;1.0;
000019526;1.0;1.0;1.0;
000019560;0.0;0.0;0.0;
000019565;1.0;1.0;1.0;
000019572;0.0;0.0;0.0;
000018986;0.0;0.0;0.0;
000019625;1.0;1.0;1.0;
000019633;1.0;0.0;0.0;
000019645;1.0;0.0;0.0;
000019675;1.0;1.0;1.0;
000019676;0.0;0.0;0.0;
000019692;0.0;0.0;0.0;
000019473;1.0;0.0;0.0;
000019788;1.0;0.0;0.0;
000019793;1.0;1.0;1.0;
000019843;0.0;0.0;0.0;
000019861;0.0;0.0;0.0;
000019876;0.0;0.0;0.0;
000019891;1.0;1.0;1.0;
000019918;1.0;1.0;1.0;
000019939;1.0;1.0;1.0;
000019988;1.0;1.0;1.0;
000020076;0.0;0.0;0.0;
000020088;1.0;1.0;1.0;
000020115;1.0;0.0;0.0;
000020129;1.0;1.0;1.0;
000020121;1.0;1.0;1.0;
000020147;0.0;0.0;0.0;
000020145;1.0;1.0;1.0;
000020152;0.0;0.0;0.0;
000020160;0.0;0.0;0.0;
000020157;0.0;0.0;0.0;
000018892;0.0;0.0;0.0;
000020175;1.0;1.0;1.0;
000020186;0.0;0.0;0.0;
000020210;0.0;0.0;0.0;
000020217;0.0;0.0;0.0;
000020276;1.0;1.0;1.0;
000020266;1.0;0.0;0.0;
000020300;1.0;0.0;0.0;
000020282;1.0;1.0;1.0;
000020349;1.0;0.0;0.0;
000020351;0.0;0.0;0.0;
000020365;1.0;0.0;0.0;
000020380;0.0;0.0;0.0;
000020414;1.0;1.0;1.0;
000019986;1.0;1.0;1.0;
000020416;1.0;1.0;1.0;
000020417;0.0;0.0;0.0;
000020426;1.0;1.0;1.0;
000020429;1.0;1.0;1.0;
000020433;0.0;0.0;0.0;
000020479;0.0;0.0;0.0;
000020483;0.0;0.0;0.0;
000020488;0.0;0.0;0.0;
000020499;1.0;0.0;0.0;
000020508;0.0;0.0;0.0;
000020511;0.0;0.0;0.0;
000020478;1.0;0.0;0.0;
000020519;1.0;1.0;1.0;
000020527;0.0;0.0;0.0;
000020530;1.0;0.0;0.0;
000020609;0.0;0.0;0.0;
000020621;1.0;1.0;1.0;
000020666;1.0;1.0;1.0;
000020684;1.0;1.0;1.0;
000020694;0.0;0.0;0.0;
000020764;1.0;1.0;1.0;
000020774;0.0;0.0;0.0;
000020799;1.0;1.0;1.0;
000020734;0.0;0.0;0.0;
000020564;1.0;1.0;1.0;
000020824;0.0;0.0;0.0;
000020829;1.0;1.0;1.0;
000020832;1.0;1.0;1.0;
000020833;0.0;0.0;0.0;
000020396;1.0;1.0;1.0;
000020830;1.0;1.0;1.0;
000020856;0.0;0.0;0.0;
000020868;1.0;1.0;1.0;
000020877;0.0;0.0;0.0;
000020918;1.0;1.0;1.0;
000020791;1.0;1.0;1.0;
000020940;1.0;1.0;1.0;
000020983;1.0;1.0;1.0;
000020989;0.0;0.0;0.0;
000020515;0.0;0.0;0.0;
000021050;1.0;1.0;1.0;
000021053;0.0;0.0;0.0;
000021060;1.0;1.0;1.0;
000021061;1.0;1.0;1.0;
000021068;1.0;1.0;1.0;
000021069;1.0;1.0;1.0;
000021072;1.0;1.0;1.0;
000021085;0.0;0.0;0.0;
000021087;1.0;1.0;1.0;
000020708;1.0;0.0;0.0;
000021106;1.0;1.0;1.0;
000021149;1.0;0.0;0.0;
000021232;0.0;0.0;0.0;
000021252;0.0;0.0;0.0;
000021251;0.0;0.0;0.0;
000021294;0.0;0.0;0.0;
000021308;0.0;0.0;0.0;
000021320;1.0;0.0;0.0;
000021390;1.0;1.0;1.0;
000021384;1.0;1.0;1.0;
000021496;0.0;0.0;0.0;
000021494;0.0;0.0;0.0;
000021501;1.0;1.0;1.0;
000021315;1.0;1.0;1.0;
000021523;1.0;1.0;1.0;
000021531;1.0;1.0;1.0;
000021353;1.0;1.0;1.0;
000021580;1.0;1.0;1.0;
000021588;1.0;0.0;0.0;
000021591;1.0;1.0;1.0;
000021586;0.0;0.0;0.0;
000021607;1.0;1.0;1.0;
000021625;0.0;0.0;0.0;
000021587;1.0;1.0;1.0;
000021598;1.0;1.0;1.0;
000021675;1.0;1.0;1.0;
000021684;0.0;0.0;0.0;
000021583;1.0;1.0;1.0;
000021723;1.0;0.0;0.0;
000021767;1.0;0.0;0.0;
000021747;1.0;1.0;1.0;
000021368;1.0;1.0;1.0;
000021802;0.0;0.0;0.0;
000021964;1.0;1.0;1.0;
000021975;1.0;1.0;1.0;
000022039;0.0;0.0;0.0;
000022064;1.0;1.0;1.0;
000022091;1.0;0.0;0.0;
000022119;0.0;0.0;0.0;
000021956;1.0;1.0;1.0;
000022168;1.0;0.0;0.0;
000022175;1.0;0.0;0.0;
000022205;1.0;1.0;1.0;
000022003;1.0;1.0;1.0;
000022230;1.0;1.0;1.0;
000022231;0.0;0.0;0.0;
000021872;0.0;0.0;0.0;
000022355;1.0;1.0;1.0;
000022368;0.0;0.0;0.0;
000022418;1.0;1.0;1.0;
000022423;0.0;0.0;0.0;
000022431;0.0;0.0;0.0;
000022466;0.0;0.0;0.0;
000022419;1.0;1.0;1.0;
000022415;1.0;1.0;1.0;
000022561;1.0;1.0;1.0;
000022576;1.0;1.0;1.0;
000022579;1.0;1.0;1.0;
000022540;0.0;0.0;0.0;
000022591;1.0;1.0;1.0;
000022617;1.0;1.0;1.0;
000022628;0.0;0.0;0.0;
000022680;0.0;0.0;0.0;
000022621;1.0;1.0;1.0;
000022485;0.0;0.0;0.0;
000022556;1.0;1.0;1.0;
000022609;1.0;1.0;1.0;
000022658;1.0;1.0;1.0;
000022829;1.0;0.0;0.0;
000022842;0.0;0.0;0.0;
000022981;0.0;0.0;0.0;
000022861;1.0;1.0;1.0;
000023021;0.0;0.0;0.0;
000023060;0.0;0.0;0.0;
000023094;1.0;1.0;1.0;
000022930;1.0;1.0;1.0;
000022404;0.0;0.0;0.0;
000023210;1.0;1.0;1.0;
000023345;0.0;0.0;0.0;
000023275;0.0;0.0;0.0;
000023244;1.0;1.0;1.0;
000023379;1.0;1.0;1.0;
000022927;0.0;0.0;0.0;
000023328;0.0;0.0;0.0;
000023409;0.0;0.0;0.0;
000023428;1.0;1.0;1.0;
000023450;1.0;1.0;1.0;
000023212;0.0;0.0;0.0;
000023502;1.0;0.0;0.0;
000023366;0.0;0.0;0.0;
000023361;1.0;1.0;1.0;
000023510;0.0;0.0;0.0;
000023518;0.0;0.0;0.0;
000023451;1.0;1.0;1.0;
000023600;0.0;0.0;0.0;
000023602;1.0;1.0;1.0;
000023608;0.0;0.0;0.0;
000023609;1.0;1.0;1.0;
000023576;1.0;1.0;1.0;
000023624;1.0;1.0;1.0;
000023630;0.0;0.0;0.0;
000023627;1.0;1.0;1.0;
000023314;1.0;1.0;1.0;
000023639;0.0;0.0;0.0;
000023661;0.0;0.0;0.0;
000023663;0.0;0.0;0.0;
000023735;0.0;0.0;0.0;
000023747;0.0;0.0;0.0;
000023754;1.0;1.0;1.0;
000023755;0.0;0.0;0.0;
000023629;1.0;1.0;1.0;
000023797;0.0;0.0;0.0;
000023804;0.0;0.0;0.0;
000023812;0.0;0.0;0.0;
000023821;1.0;1.0;1.0;
000023845;1.0;1.0;1.0;
000023855;1.0;1.0;1.0;
000023857;1.0;1.0;1.0;
000023859;0.0;0.0;0.0;
000023868;0.0;0.0;0.0;
000023816;0.0;0.0;0.0;
000023896;1.0;1.0;1.0;
000023938;0.0;0.0;0.0;
000023722;1.0;1.0;1.0;
000022397;1.0;1.0;1.0;
000024184;1.0;1.0;1.0;
000024152;0.0;0.0;0.0;
000024251;0.0;0.0;0.0;
000024275;1.0;0.0;0.0;
000024243;1.0;1.0;1.0;
000024293;0.0;0.0;0.0;
000024113;1.0;1.0;1.0;
000024514;0.0;0.0;;
000024770;1.0;1.0;;
000024925;0.0;0.0;;
000024593;0.0;0.0;;
000024981;0.0;0.0;;
000024999;1.0;1.0;;
000024451;0.0;0.0;0.0;
000025310;1.0;1.0;;
000025315;1.0;1.0;;
000025230;0.0;0.0;;
000025354;1.0;1.0;;
000025094;1.0;1.0;;
000025249;0.0;0.0;;
000025196;0.0;0.0;;
000025055;1.0;1.0;;
000025375;0.0;0.0;;
000025411;0.0;0.0;;
000025427;0.0;0.0;;
000025640;1.0;1.0;;
000025679;1.0;0.0;;
000025721;1.0;1.0;;
000025730;0.0;0.0;;
000025010;1.0;0.0;;
000025838;1.0;1.0;;
000025973;0.0;0.0;;
000026014;0.0;0.0;;
000025961;0.0;0.0;;
000026023;1.0;1.0;;
000026034;1.0;1.0;;
000025878;1.0;1.0;;
000026074;1.0;1.0;;
000026211;1.0;1.0;;
000026223;1.0;1.0;;
000026158;1.0;1.0;;
000026243;1.0;1.0;;
000026245;0.0;0.0;;
000024521;1.0;0.0;;
000026451;1.0;;;
000026396;1.0;;;
000026476;1.0;;;
000026430;1.0;;;
000026499;1.0;;;
000026384;0.0;;;
000026546;0.0;;;
000026585;0.0;;;
000026555;1.0;;;
000026569;1.0;;;
000026599;1.0;;;
000026620;1.0;;;
000026704;0.0;;;
000026701;1.0;;;
000026887;1.0;;;
000026954;1.0;;;
000027047;0.0;;;
000026752;0.0;;;
000027085;1.0;;;
000027087;0.0;;;
000027158;0.0;;;
000027188;0.0;;;
000027221;0.0;;;
000027225;1.0;;;
000027296;1.0;;;
000027361;1.0;;;
000027377;0.0;;;
000027381;0.0;;;
000027253;0.0;;;
000027298;0.0;;;
000027440;1.0;;;
000027453;0.0;;;
000027485;0.0;;;
000027486;0.0;;;
000027552;1.0;;;
000027577;1.0;;;
000027568;1.0;;;
000027634;1.0;;;
000027684;0.0;;;
000027706;1.0;;;
000027734;0.0;;;
000027817;0.0;;;
000027858;0.0;;;
000027708;1.0;;;
000027800;0.0;;;
000027920;1.0;;;
000027936;1.0;;;
000027955;1.0;;;
000027915;0.0;;;
000027961;1.0;;;
000027972;1.0;;;
000028017;1.0;;;
000028021;1.0;;;
000028048;1.0;;;
000028067;1.0;;;
000028115;0.0;;;
000028162;0.0;;;
000028167;0.0;;;
000028232;0.0;;;
000028228;0.0;;;
000028240;1.0;;;
000028242;1.0;;;
000028332;0.0;;;
000028345;1.0;;;
000028370;1.0;;;
000028389;1.0;;;
000028400;1.0;;;
000028475;1.0;;;
000028510;1.0;;;
000028539;1.0;;;
000028609;1.0;;;
000028577;0.0;;;
000028507;1.0;;;
000028670;1.0;;;
000028725;0.0;;;
000028735;1.0;;;
000028444;0.0;;;
000028433;0.0;;;
000028490;1.0;;;
000028830;0.0;;;
000028837;1.0;;;
000028937;1.0;;;
000029015;0.0;;;
000029017;1.0;;;
000029104;1.0;;;
000029131;1.0;;;
000029142;0.0;;;
000029164;0.0;;;
000029173;1.0;;;
000029236;0.0;;;
000029245;0.0;;;
000029259;1.0;;;
000029294;0.0;;;
000029325;0.0;;;
000028976;1.0;;;
000028918;1.0;;;
000029399;0.0;;;
000029543;1.0;;;
000029545;1.0;;;
000029556;1.0;;;
000029558;1.0;;;
000029564;1.0;;;
000029586;0.0;;;
000029595;0.0;;;
000029487;0.0;;;
000029666;0.0;;;
000029767;0.0;;;
000029926;1.0;;;
000029929;1.0;;;
000029842;1.0;;;
000029959;1.0;;;
000029879;0.0;;;
000029874;1.0;;;
